,country,year,sex,Preventable mortality,Treatable mortality,potential years of life lost,median age,Bad Very Bad,Very Good Good,high bmi,smoking,binge drinking,Practising medical doctors per 100k,GDP per capita,Practising nurses and midwives per 100k,avoidable hospitalizations,HC1,HC2,HC3,HC4,HC5,HC6,HC7,year_y,y_QU1,y_QU2,y_QU3,y_QU4,y_QU5,Year_system_date,single payer system,inpatient public,outpatient public,public primary care,free hospital choice,almost free hospital choice,public provider quality reports,healthcare regulator,ce analysis
0,Austria,2011,F,95.29,67.41,2381.0,43.2,10.4,66.8,0.113,0.083,0.129,484.22,36970.0,685.67,,1965.68,229.89,542.67,115.73,632.45,75.8,143.13,2015.0,16497.2,27961.0,36682.2,48215.5,74495.5,2016,0.0,1.0,0.0,0.0,1,False,0,1,1
1,Austria,2011,M,248.5,96.86,4608.0,40.9,8.4,70.8,0.146,0.141,0.249,484.22,36970.0,685.67,,1965.68,229.89,542.67,115.73,632.45,75.8,143.13,2015.0,16497.2,27961.0,36682.2,48215.5,74495.5,2016,0.0,1.0,0.0,0.0,1,False,0,1,1
2,Austria,2012,F,96.16,69.72,2326.0,43.5,9.6,68.5,0.113,0.083,0.129,489.54,37820.0,688.73,287.9,2047.37,244.58,564.93,121.0,648.89,76.02,152.48,2015.0,16497.2,27961.0,36682.2,48215.5,74495.5,2016,0.0,1.0,0.0,0.0,1,False,0,1,1
3,Austria,2012,M,252.28,91.45,4390.0,41.2,8.4,71.7,0.146,0.141,0.249,489.54,37820.0,688.73,287.9,2047.37,244.58,564.93,121.0,648.89,76.02,152.48,2015.0,16497.2,27961.0,36682.2,48215.5,74495.5,2016,0.0,1.0,0.0,0.0,1,False,0,1,1
4,Austria,2013,F,93.22,66.84,2245.0,43.8,9.8,66.7,0.113,0.083,0.129,498.85,38210.0,693.59,278.3,2063.98,256.8,587.97,123.03,657.19,80.64,159.31,2015.0,16497.2,27961.0,36682.2,48215.5,74495.5,2016,0.0,1.0,0.0,0.0,1,False,0,1,1
5,Austria,2013,M,245.9,92.05,4277.0,41.4,8.2,70.7,0.146,0.141,0.249,498.85,38210.0,693.59,278.3,2063.98,256.8,587.97,123.03,657.19,80.64,159.31,2015.0,16497.2,27961.0,36682.2,48215.5,74495.5,2016,0.0,1.0,0.0,0.0,1,False,0,1,1
6,Austria,2014,F,93.95,66.7,2302.0,44.1,10.0,67.4,0.113,0.083,0.129,504.61,38990.0,703.69,268.1,2114.23,268.02,598.49,123.3,687.98,85.03,164.54,2015.0,16497.2,27961.0,36682.2,48215.5,74495.5,2016,0.0,1.0,0.0,0.0,1,False,0,1,1
7,Austria,2014,M,238.63,90.11,4089.0,41.6,7.7,71.9,0.146,0.141,0.249,504.61,38990.0,703.69,268.1,2114.23,268.02,598.49,123.3,687.98,85.03,164.54,2015.0,16497.2,27961.0,36682.2,48215.5,74495.5,2016,0.0,1.0,0.0,0.0,1,False,0,1,1
8,Austria,2015,F,97.52,66.85,2187.0,44.3,9.3,68.0,0.113,0.083,0.129,509.12,39890.0,704.31,264.5,2150.94,271.72,613.48,125.19,710.34,90.35,167.76,2015.0,16497.2,27961.0,36682.2,48215.5,74495.5,2016,0.0,1.0,0.0,0.0,1,False,0,1,1
9,Austria,2015,M,242.3,92.66,4061.0,41.7,8.3,71.9,0.146,0.141,0.249,509.12,39890.0,704.31,264.5,2150.94,271.72,613.48,125.19,710.34,90.35,167.76,2015.0,16497.2,27961.0,36682.2,48215.5,74495.5,2016,0.0,1.0,0.0,0.0,1,False,0,1,1
10,Austria,2016,F,96.39,66.58,2161.0,44.3,8.6,68.6,0.113,0.083,0.129,512.96,40920.0,702.68,249.3,2220.2,278.09,633.75,127.94,713.79,90.67,172.93,2015.0,16497.2,27961.0,36682.2,48215.5,74495.5,2016,0.0,1.0,0.0,0.0,1,False,0,1,1
11,Austria,2016,M,231.4,90.42,3839.0,41.5,7.6,72.0,0.146,0.141,0.249,512.96,40920.0,702.68,249.3,2220.2,278.09,633.75,127.94,713.79,90.67,172.93,2015.0,16497.2,27961.0,36682.2,48215.5,74495.5,2016,0.0,1.0,0.0,0.0,1,False,0,1,1
12,Austria,2017,F,92.94,65.48,2079.0,44.5,9.0,68.8,0.113,0.083,0.129,518.28,41990.0,710.79,247.5,2287.94,291.01,645.54,129.77,735.89,94.49,174.21,2015.0,16497.2,27961.0,36682.2,48215.5,74495.5,2016,0.0,1.0,0.0,0.0,1,False,0,1,1
13,Austria,2017,M,226.52,88.21,3759.0,41.5,7.0,72.0,0.146,0.141,0.249,518.28,41990.0,710.79,247.5,2287.94,291.01,645.54,129.77,735.89,94.49,174.21,2015.0,16497.2,27961.0,36682.2,48215.5,74495.5,2016,0.0,1.0,0.0,0.0,1,False,0,1,1
14,Belgium,2011,F,101.35,78.98,2783.0,42.0,10.5,71.7,0.129,0.063,0.162,291.55,34060.0,1036.72,,1559.89,261.54,742.17,177.07,610.05,58.52,130.37,2015.0,15759.0,23305.9,33245.0,44850.4,68273.3,2016,0.0,0.0,0.0,0.0,1,False,0,1,1
15,Belgium,2011,M,248.21,86.28,4791.0,39.7,8.5,75.5,0.126,0.08900000000000001,0.272,291.55,34060.0,1036.72,,1559.89,261.54,742.17,177.07,610.05,58.52,130.37,2015.0,15759.0,23305.9,33245.0,44850.4,68273.3,2016,0.0,0.0,0.0,0.0,1,False,0,1,1
16,Belgium,2012,F,99.97,77.35,2677.0,42.1,9.9,72.2,0.129,0.063,0.162,293.36,34770.0,1060.54,185.7,1612.84,279.0,779.63,195.95,600.66,59.47,125.55,2015.0,15759.0,23305.9,33245.0,44850.4,68273.3,2016,0.0,0.0,0.0,0.0,1,False,0,1,1
17,Belgium,2012,M,246.27,87.46,4798.0,39.9,7.7,76.9,0.126,0.08900000000000001,0.272,293.36,34770.0,1060.54,185.7,1612.84,279.0,779.63,195.95,600.66,59.47,125.55,2015.0,15759.0,23305.9,33245.0,44850.4,68273.3,2016,0.0,0.0,0.0,0.0,1,False,0,1,1
18,Belgium,2013,F,100.34,76.24,2700.0,42.3,9.9,71.9,0.129,0.063,0.162,295.71,35210.0,1090.29,226.6,1636.66,289.49,804.23,189.19,607.42,63.78,127.54,2015.0,15759.0,23305.9,33245.0,44850.4,68273.3,2016,0.0,0.0,0.0,0.0,1,False,0,1,1
19,Belgium,2013,M,239.34,87.82,4550.0,40.0,7.3,77.0,0.126,0.08900000000000001,0.272,295.71,35210.0,1090.29,226.6,1636.66,289.49,804.23,189.19,607.42,63.78,127.54,2015.0,15759.0,23305.9,33245.0,44850.4,68273.3,2016,0.0,0.0,0.0,0.0,1,False,0,1,1
20,Belgium,2014,F,95.4,70.91,2523.0,42.4,10.4,72.9,0.129,0.063,0.162,297.55,35950.0,1120.35,212.0,1680.06,289.77,789.14,190.62,605.57,69.5,128.91,2015.0,15759.0,23305.9,33245.0,44850.4,68273.3,2016,0.0,0.0,0.0,0.0,1,False,0,1,1
21,Belgium,2014,M,231.42,79.38,4376.0,40.2,7.9,77.4,0.126,0.08900000000000001,0.272,297.55,35950.0,1120.35,212.0,1680.06,289.77,789.14,190.62,605.57,69.5,128.91,2015.0,15759.0,23305.9,33245.0,44850.4,68273.3,2016,0.0,0.0,0.0,0.0,1,False,0,1,1
22,Belgium,2015,F,99.71,69.15,2580.0,42.5,11.3,71.5,0.129,0.063,0.162,301.75,36960.0,,,1716.57,310.56,803.1,196.62,629.78,67.18,130.09,2015.0,15759.0,23305.9,33245.0,44850.4,68273.3,2016,0.0,0.0,0.0,0.0,1,False,0,1,1
23,Belgium,2015,M,225.13,79.3,4268.0,40.3,7.6,77.8,0.126,0.08900000000000001,0.272,301.75,36960.0,,,1716.57,310.56,803.1,196.62,629.78,67.18,130.09,2015.0,15759.0,23305.9,33245.0,44850.4,68273.3,2016,0.0,0.0,0.0,0.0,1,False,0,1,1
24,Belgium,2016,F,94.13,66.19,2423.0,42.6,10.6,71.3,0.129,0.063,0.162,307.41,37960.0,,285.2,1663.83,386.23,816.9,199.25,638.07,63.67,135.82,2015.0,15759.0,23305.9,33245.0,44850.4,68273.3,2016,0.0,0.0,0.0,0.0,1,False,0,1,1
25,Belgium,2016,M,218.89,77.34,4238.0,40.3,7.6,76.6,0.126,0.08900000000000001,0.272,307.41,37960.0,,285.2,1663.83,386.23,816.9,199.25,638.07,63.67,135.82,2015.0,15759.0,23305.9,33245.0,44850.4,68273.3,2016,0.0,0.0,0.0,0.0,1,False,0,1,1
26,Belgium,2017,F,93.12,66.37,2421.0,42.7,10.1,71.6,0.129,0.063,0.162,308.29,39120.0,1191.22,290.6,1712.51,389.13,916.86,201.13,656.68,64.25,139.09,2015.0,15759.0,23305.9,33245.0,44850.4,68273.3,2016,0.0,0.0,0.0,0.0,1,False,0,1,1
27,Belgium,2017,M,207.8,75.49,4091.0,40.4,7.0,77.4,0.126,0.08900000000000001,0.272,308.29,39120.0,1191.22,290.6,1712.51,389.13,916.86,201.13,656.68,64.25,139.09,2015.0,15759.0,23305.9,33245.0,44850.4,68273.3,2016,0.0,0.0,0.0,0.0,1,False,0,1,1
28,Denmark,2011,F,126.47,86.18,2798.0,41.5,9.0,69.7,0.149,0.031,0.265,378.92,44500.0,1016.63,,2508.15,34.51,1097.85,202.6,518.0,104.04,52.7,2015.0,16383.2,29062.8,39386.7,52635.8,87616.3,2016,1.0,1.0,1.0,0.0,0,True,1,1,1
29,Denmark,2011,M,242.02,96.74,4477.0,39.8,6.9,73.9,0.129,0.055999999999999994,0.344,378.92,44500.0,1016.63,,2508.15,34.51,1097.85,202.6,518.0,104.04,52.7,2015.0,16383.2,29062.8,39386.7,52635.8,87616.3,2016,1.0,1.0,1.0,0.0,0,True,1,1,1
30,Denmark,2012,F,130.97,81.71,2684.0,41.7,8.2,70.3,0.149,0.031,0.265,383.76,45530.0,1026.49,336.7,2601.21,39.37,1116.02,185.8,512.24,107.77,100.35,2015.0,16383.2,29062.8,39386.7,52635.8,87616.3,2016,1.0,1.0,1.0,0.0,0,True,1,1,1
31,Denmark,2012,M,235.76,92.44,4234.0,40.0,6.7,72.1,0.129,0.055999999999999994,0.344,383.76,45530.0,1026.49,336.7,2601.21,39.37,1116.02,185.8,512.24,107.77,100.35,2015.0,16383.2,29062.8,39386.7,52635.8,87616.3,2016,1.0,1.0,1.0,0.0,0,True,1,1,1
32,Denmark,2013,F,122.39,73.79,2590.0,41.9,8.0,70.2,0.149,0.031,0.265,384.94,46100.0,1027.47,316.5,2594.77,38.9,1134.61,222.44,478.49,116.93,100.12,2015.0,16383.2,29062.8,39386.7,52635.8,87616.3,2016,1.0,1.0,1.0,0.0,0,True,1,1,1
33,Denmark,2013,M,223.94,87.55,4150.0,40.2,6.1,75.1,0.129,0.055999999999999994,0.344,384.94,46100.0,1027.47,316.5,2594.77,38.9,1134.61,222.44,478.49,116.93,100.12,2015.0,16383.2,29062.8,39386.7,52635.8,87616.3,2016,1.0,1.0,1.0,0.0,0,True,1,1,1
34,Denmark,2014,F,121.62,73.42,2531.0,42.1,8.1,70.6,0.149,0.031,0.265,387.74,47090.0,1025.91,322.3,2640.22,40.56,1171.97,218.28,495.23,113.13,110.66,2015.0,16383.2,29062.8,39386.7,52635.8,87616.3,2016,1.0,1.0,1.0,0.0,0,True,1,1,1
35,Denmark,2014,M,226.2,83.0,4148.0,40.4,6.5,74.3,0.129,0.055999999999999994,0.344,387.74,47090.0,1025.91,322.3,2640.22,40.56,1171.97,218.28,495.23,113.13,110.66,2015.0,16383.2,29062.8,39386.7,52635.8,87616.3,2016,1.0,1.0,1.0,0.0,0,True,1,1,1
36,Denmark,2015,F,116.91,73.07,2493.0,42.4,8.8,70.3,0.149,0.031,0.265,392.93,48050.0,1025.08,333.1,2694.39,41.6,1202.47,230.71,503.53,120.37,119.76,2015.0,16383.2,29062.8,39386.7,52635.8,87616.3,2016,1.0,1.0,1.0,0.0,0,True,1,1,1
37,Denmark,2015,M,212.8,82.83,3913.0,40.5,6.3,73.1,0.129,0.055999999999999994,0.344,392.93,48050.0,1025.08,333.1,2694.39,41.6,1202.47,230.71,503.53,120.37,119.76,2015.0,16383.2,29062.8,39386.7,52635.8,87616.3,2016,1.0,1.0,1.0,0.0,0,True,1,1,1
38,Denmark,2016,F,115.01,70.8,2501.0,42.5,8.1,70.3,0.149,0.031,0.265,399.82,49420.0,1028.94,328.1,2753.59,46.52,1239.71,221.02,504.34,128.93,119.87,2015.0,16383.2,29062.8,39386.7,52635.8,87616.3,2016,1.0,1.0,1.0,0.0,0,True,1,1,1
39,Denmark,2016,M,207.67,81.51,3909.0,40.6,7.1,72.3,0.129,0.055999999999999994,0.344,399.82,49420.0,1028.94,328.1,2753.59,46.52,1239.71,221.02,504.34,128.93,119.87,2015.0,16383.2,29062.8,39386.7,52635.8,87616.3,2016,1.0,1.0,1.0,0.0,0,True,1,1,1
40,Denmark,2017,F,111.21,65.19,2324.0,42.6,8.4,69.6,0.149,0.031,0.265,410.89,51140.0,1037.97,324.7,2812.22,50.84,1283.94,230.44,502.47,129.06,125.07,2015.0,16383.2,29062.8,39386.7,52635.8,87616.3,2016,1.0,1.0,1.0,0.0,0,True,1,1,1
41,Denmark,2017,M,203.39,81.57,3778.0,40.7,7.2,72.9,0.129,0.055999999999999994,0.344,410.89,51140.0,1037.97,324.7,2812.22,50.84,1283.94,230.44,502.47,129.06,125.07,2015.0,16383.2,29062.8,39386.7,52635.8,87616.3,2016,1.0,1.0,1.0,0.0,0,True,1,1,1
42,Estonia,2011,F,136.86,113.6,3416.0,43.9,17.4,50.1,0.17,0.028999999999999998,0.11,329.36,12650.0,652.69,,402.06,11.7,33.96,74.17,167.28,24.39,17.53,2015.0,4233.3,7538.9,13294.9,19001.3,32143.5,2016,1.0,1.0,1.0,0.0,0,True,1,0,1
43,Estonia,2011,M,518.56,229.04,9898.0,37.1,14.2,54.5,0.18,0.153,0.297,329.36,12650.0,652.69,,402.06,11.7,33.96,74.17,167.28,24.39,17.53,2015.0,4233.3,7538.9,13294.9,19001.3,32143.5,2016,1.0,1.0,1.0,0.0,0,True,1,0,1
44,Estonia,2012,F,135.79,114.61,3397.0,44.1,17.7,50.8,0.17,0.028999999999999998,0.11,328.34,13620.0,646.03,48.3,434.62,11.76,36.95,79.82,182.74,27.9,16.38,2015.0,4233.3,7538.9,13294.9,19001.3,32143.5,2016,1.0,1.0,1.0,0.0,0,True,1,0,1
45,Estonia,2012,M,524.47,229.96,9941.0,37.4,14.2,54.9,0.18,0.153,0.297,328.34,13620.0,646.03,48.3,434.62,11.76,36.95,79.82,182.74,27.9,16.38,2015.0,4233.3,7538.9,13294.9,19001.3,32143.5,2016,1.0,1.0,1.0,0.0,0,True,1,0,1
46,Estonia,2013,F,134.01,110.67,3283.0,44.4,16.9,51.0,0.17,0.028999999999999998,0.11,333.46,14420.0,596.28,36.3,477.7,15.91,43.41,88.5,195.17,25.95,16.61,2015.0,4233.3,7538.9,13294.9,19001.3,32143.5,2016,1.0,1.0,1.0,0.0,0,True,1,0,1
47,Estonia,2013,M,476.59,217.37,8717.0,37.7,13.6,56.9,0.18,0.153,0.297,333.46,14420.0,596.28,36.3,477.7,15.91,43.41,88.5,195.17,25.95,16.61,2015.0,4233.3,7538.9,13294.9,19001.3,32143.5,2016,1.0,1.0,1.0,0.0,0,True,1,0,1
48,Estonia,2014,F,127.35,107.13,3171.0,44.6,17.0,50.0,0.17,0.028999999999999998,0.11,335.88,15340.0,607.67,150.2,522.21,18.13,50.53,96.07,198.96,28.52,19.05,2015.0,4233.3,7538.9,13294.9,19001.3,32143.5,2016,1.0,1.0,1.0,0.0,0,True,1,0,1
49,Estonia,2014,M,479.28,216.68,9006.0,38.0,15.5,54.7,0.18,0.153,0.297,335.88,15340.0,607.67,150.2,522.21,18.13,50.53,96.07,198.96,28.52,19.05,2015.0,4233.3,7538.9,13294.9,19001.3,32143.5,2016,1.0,1.0,1.0,0.0,0,True,1,0,1
50,Estonia,2015,F,125.68,107.21,3094.0,44.7,17.1,50.2,0.17,0.028999999999999998,0.11,341.49,15820.0,635.16,136.7,562.11,16.92,56.69,108.19,209.16,31.9,17.67,2015.0,4233.3,7538.9,13294.9,19001.3,32143.5,2016,1.0,1.0,1.0,0.0,0,True,1,0,1
51,Estonia,2015,M,459.28,205.27,8487.0,38.1,13.6,53.4,0.18,0.153,0.297,341.49,15820.0,635.16,136.7,562.11,16.92,56.69,108.19,209.16,31.9,17.67,2015.0,4233.3,7538.9,13294.9,19001.3,32143.5,2016,1.0,1.0,1.0,0.0,0,True,1,0,1
52,Estonia,2016,F,124.93,101.14,3197.0,44.9,15.7,50.6,0.17,0.028999999999999998,0.11,345.65,16670.0,643.64,133.2,592.06,17.22,63.4,118.06,231.41,34.54,15.01,2015.0,4233.3,7538.9,13294.9,19001.3,32143.5,2016,1.0,1.0,1.0,0.0,0,True,1,0,1
53,Estonia,2016,M,441.21,200.33,8009.0,38.3,12.6,56.3,0.18,0.153,0.297,345.65,16670.0,643.64,133.2,592.06,17.22,63.4,118.06,231.41,34.54,15.01,2015.0,4233.3,7538.9,13294.9,19001.3,32143.5,2016,1.0,1.0,1.0,0.0,0,True,1,0,1
54,Estonia,2017,F,113.9,95.2,2755.0,45.2,15.9,50.5,0.17,0.028999999999999998,0.11,346.82,18130.0,653.72,122.4,642.74,17.47,109.72,131.57,239.05,37.25,15.97,2015.0,4233.3,7538.9,13294.9,19001.3,32143.5,2016,1.0,1.0,1.0,0.0,0,True,1,0,1
55,Estonia,2017,M,418.41,193.26,7571.0,38.5,12.5,55.4,0.18,0.153,0.297,346.82,18130.0,653.72,122.4,642.74,17.47,109.72,131.57,239.05,37.25,15.97,2015.0,4233.3,7538.9,13294.9,19001.3,32143.5,2016,1.0,1.0,1.0,0.0,0,True,1,0,1
56,Finland,2011,F,94.05,66.04,2420.0,43.7,7.7,67.7,0.154,0.0,0.19699999999999998,298.61,36750.0,1449.39,,1816.0,81.43,718.52,106.06,502.75,107.33,54.71,2015.0,15468.8,25529.5,35562.7,45565.7,72075.0,2016,1.0,1.0,1.0,1.0,0,False,0,1,1
57,Finland,2011,M,288.01,109.2,5347.0,40.5,7.0,70.5,0.17800000000000002,0.0,0.319,298.61,36750.0,1449.39,,1816.0,81.43,718.52,106.06,502.75,107.33,54.71,2015.0,15468.8,25529.5,35562.7,45565.7,72075.0,2016,1.0,1.0,1.0,1.0,0,False,0,1,1
58,Finland,2012,F,93.26,69.29,2457.0,43.9,7.1,66.1,0.154,0.0,0.19699999999999998,306.87,37130.0,1462.14,212.9,1911.16,85.88,762.86,114.14,511.01,114.9,56.38,2015.0,15468.8,25529.5,35562.7,45565.7,72075.0,2016,1.0,1.0,1.0,1.0,0,False,0,1,1
59,Finland,2012,M,278.31,102.45,5058.0,40.5,6.4,68.3,0.17800000000000002,0.0,0.319,306.87,37130.0,1462.14,212.9,1911.16,85.88,762.86,114.14,511.01,114.9,56.38,2015.0,15468.8,25529.5,35562.7,45565.7,72075.0,2016,1.0,1.0,1.0,1.0,0,False,0,1,1
60,Finland,2013,F,91.07,63.1,2261.0,44.0,7.1,64.1,0.154,0.0,0.19699999999999998,314.69,37570.0,1460.31,192.1,2008.64,93.21,760.94,117.27,521.86,118.89,59.58,2015.0,15468.8,25529.5,35562.7,45565.7,72075.0,2016,1.0,1.0,1.0,1.0,0,False,0,1,1
61,Finland,2013,M,272.82,99.63,4864.0,40.6,6.2,65.4,0.17800000000000002,0.0,0.319,314.69,37570.0,1460.31,192.1,2008.64,93.21,760.94,117.27,521.86,118.89,59.58,2015.0,15468.8,25529.5,35562.7,45565.7,72075.0,2016,1.0,1.0,1.0,1.0,0,False,0,1,1
62,Finland,2014,F,87.9,60.57,2188.0,44.1,6.7,69.3,0.154,0.0,0.19699999999999998,320.63,37880.0,1467.54,187.0,2028.02,96.2,756.03,120.83,518.66,121.28,61.4,2015.0,15468.8,25529.5,35562.7,45565.7,72075.0,2016,1.0,1.0,1.0,1.0,0,False,0,1,1
63,Finland,2014,M,254.43,95.69,4678.0,40.6,6.0,69.5,0.17800000000000002,0.0,0.319,320.63,37880.0,1467.54,187.0,2028.02,96.2,756.03,120.83,518.66,121.28,61.4,2015.0,15468.8,25529.5,35562.7,45565.7,72075.0,2016,1.0,1.0,1.0,1.0,0,False,0,1,1
64,Finland,2015,F,85.51,59.33,2057.0,44.2,5.9,69.5,0.154,0.0,0.19699999999999998,,38570.0,,184.3,2111.27,98.95,676.89,118.86,533.38,144.51,33.1,2015.0,15468.8,25529.5,35562.7,45565.7,72075.0,2016,1.0,1.0,1.0,1.0,0,False,0,1,1
65,Finland,2015,M,245.41,91.84,4343.0,40.7,5.6,70.3,0.17800000000000002,0.0,0.319,,38570.0,,184.3,2111.27,98.95,676.89,118.86,533.38,144.51,33.1,2015.0,15468.8,25529.5,35562.7,45565.7,72075.0,2016,1.0,1.0,1.0,1.0,0,False,0,1,1
66,Finland,2016,F,84.53,63.02,2067.0,44.3,6.3,69.0,0.154,0.0,0.19699999999999998,,39580.0,,167.6,2086.9,101.67,677.35,113.11,547.85,147.71,33.34,2015.0,15468.8,25529.5,35562.7,45565.7,72075.0,2016,1.0,1.0,1.0,1.0,0,False,0,1,1
67,Finland,2016,M,251.58,91.82,4475.0,40.8,5.5,71.7,0.17800000000000002,0.0,0.319,,39580.0,,167.6,2086.9,101.67,677.35,113.11,547.85,147.71,33.34,2015.0,15468.8,25529.5,35562.7,45565.7,72075.0,2016,1.0,1.0,1.0,1.0,0,False,0,1,1
68,Finland,2017,F,86.37,61.21,2150.0,44.4,5.8,68.6,0.154,0.0,0.19699999999999998,,41080.0,,182.0,2124.03,115.25,664.68,115.72,544.78,148.58,33.14,2015.0,15468.8,25529.5,35562.7,45565.7,72075.0,2016,1.0,1.0,1.0,1.0,0,False,0,1,1
69,Finland,2017,M,239.15,91.42,4337.0,40.9,5.2,71.9,0.17800000000000002,0.0,0.319,,41080.0,,182.0,2124.03,115.25,664.68,115.72,544.78,148.58,33.14,2015.0,15468.8,25529.5,35562.7,45565.7,72075.0,2016,1.0,1.0,1.0,1.0,0,False,0,1,1
70,France,2011,F,70.54,62.67,2503.0,41.4,9.8,64.4,0.133,0.034,,306.97,31510.0,,,1509.39,350.82,513.57,186.39,705.73,66.69,207.76,2015.0,17884.8,26596.7,33728.1,44264.0,75395.6,2016,1.0,1.0,0.0,0.0,1,False,1,1,1
71,France,2011,M,230.85,73.36,5235.0,38.6,7.7,71.1,0.127,0.077,,306.97,31510.0,,,1509.39,350.82,513.57,186.39,705.73,66.69,207.76,2015.0,17884.8,26596.7,33728.1,44264.0,75395.6,2016,1.0,1.0,0.0,0.0,1,False,1,1,1
72,France,2012,F,69.02,61.53,2468.0,41.7,9.4,66.1,0.133,0.034,,308.36,31820.0,,139.9,1544.75,362.73,534.66,187.29,703.53,66.74,211.5,2015.0,17884.8,26596.7,33728.1,44264.0,75395.6,2016,1.0,1.0,0.0,0.0,1,False,1,1,1
73,France,2012,M,223.26,71.26,5093.0,38.9,7.5,70.5,0.127,0.077,,308.36,31820.0,,139.9,1544.75,362.73,534.66,187.29,703.53,66.74,211.5,2015.0,17884.8,26596.7,33728.1,44264.0,75395.6,2016,1.0,1.0,0.0,0.0,1,False,1,1,1
74,France,2013,F,67.78,61.02,2419.0,41.9,9.3,64.2,0.133,0.034,,309.83,32080.0,,145.0,1575.0,378.76,552.51,188.5,698.14,69.4,218.99,2015.0,17884.8,26596.7,33728.1,44264.0,75395.6,2016,1.0,1.0,0.0,0.0,1,False,1,1,1
75,France,2013,M,218.86,69.75,4929.0,39.2,7.8,70.4,0.127,0.077,,309.83,32080.0,,145.0,1575.0,378.76,552.51,188.5,698.14,69.4,218.99,2015.0,17884.8,26596.7,33728.1,44264.0,75395.6,2016,1.0,1.0,0.0,0.0,1,False,1,1,1
76,France,2014,F,67.05,59.66,2379.0,42.1,9.1,65.7,0.133,0.034,,310.89,32420.0,,143.3,1605.42,388.61,566.8,191.74,713.26,68.36,220.15,2015.0,17884.8,26596.7,33728.1,44264.0,75395.6,2016,1.0,1.0,0.0,0.0,1,False,1,1,1
77,France,2014,M,209.93,66.64,4744.0,39.3,7.4,71.1,0.127,0.077,,310.89,32420.0,,143.3,1605.42,388.61,566.8,191.74,713.26,68.36,220.15,2015.0,17884.8,26596.7,33728.1,44264.0,75395.6,2016,1.0,1.0,0.0,0.0,1,False,1,1,1
78,France,2015,F,67.45,58.67,2380.0,42.3,8.3,65.7,0.133,0.034,,312.24,33020.0,,150.0,1619.77,400.62,577.72,194.21,711.39,67.55,216.62,2015.0,17884.8,26596.7,33728.1,44264.0,75395.6,2016,1.0,1.0,0.0,0.0,1,False,1,1,1
79,France,2015,M,211.69,67.64,4824.0,39.5,7.1,70.3,0.127,0.077,,312.24,33020.0,,150.0,1619.77,400.62,577.72,194.21,711.39,67.55,216.62,2015.0,17884.8,26596.7,33728.1,44264.0,75395.6,2016,1.0,1.0,0.0,0.0,1,False,1,1,1
80,France,2016,F,66.76,59.0,2366.0,42.6,8.9,64.7,0.133,0.034,,313.79,33430.0,,,1650.42,407.79,588.02,203.19,716.12,67.31,218.16,2015.0,17884.8,26596.7,33728.1,44264.0,75395.6,2016,1.0,1.0,0.0,0.0,1,False,1,1,1
81,France,2016,M,206.3,66.63,4689.0,39.7,7.2,68.3,0.127,0.077,,313.79,33430.0,,,1650.42,407.79,588.02,203.19,716.12,67.31,218.16,2015.0,17884.8,26596.7,33728.1,44264.0,75395.6,2016,1.0,1.0,0.0,0.0,1,False,1,1,1
82,France,2017,F,,,,42.9,8.9,65.7,0.133,0.034,,315.8,34250.0,,,1675.89,413.23,603.51,206.99,720.66,71.73,221.39,2015.0,17884.8,26596.7,33728.1,44264.0,75395.6,2016,1.0,1.0,0.0,0.0,1,False,1,1,1
83,France,2017,M,,,,39.9,7.7,69.2,0.127,0.077,,315.8,34250.0,,,1675.89,413.23,603.51,206.99,720.66,71.73,221.39,2015.0,17884.8,26596.7,33728.1,44264.0,75395.6,2016,1.0,1.0,0.0,0.0,1,False,1,1,1
84,Germany,2011,F,93.29,80.98,2593.0,45.8,8.1,63.3,0.145,0.04,0.2,387.7,33550.0,1214.58,,1766.52,109.39,559.27,172.2,704.13,113.46,190.94,2015.0,11261.9,22657.8,31214.1,41148.2,67810.7,2016,0.0,0.0,0.0,0.0,0,True,1,1,1
85,Germany,2011,M,238.32,109.32,4731.0,43.5,8.1,66.4,0.157,0.081,0.306,387.7,33550.0,1214.58,,1766.52,109.39,559.27,172.2,704.13,113.46,190.94,2015.0,11261.9,22657.8,31214.1,41148.2,67810.7,2016,0.0,0.0,0.0,0.0,0,True,1,1,1
86,Germany,2012,F,92.69,78.78,2482.0,46.2,9.2,63.9,0.145,0.04,0.2,394.64,34130.0,1223.49,,1802.48,113.1,585.36,175.6,718.89,116.31,190.86,2015.0,11261.9,22657.8,31214.1,41148.2,67810.7,2016,0.0,0.0,0.0,0.0,0,True,1,1,1
87,Germany,2012,M,233.42,106.51,4552.0,43.9,7.9,67.0,0.157,0.081,0.306,394.64,34130.0,1223.49,,1802.48,113.1,585.36,175.6,718.89,116.31,190.86,2015.0,11261.9,22657.8,31214.1,41148.2,67810.7,2016,0.0,0.0,0.0,0.0,0,True,1,1,1
88,Germany,2013,F,95.3,78.71,2513.0,46.5,8.8,62.9,0.145,0.04,0.2,403.5,34860.0,1261.07,275.4,1866.18,112.49,616.38,180.01,743.29,121.07,192.4,2015.0,11261.9,22657.8,31214.1,41148.2,67810.7,2016,0.0,0.0,0.0,0.0,0,True,1,1,1
89,Germany,2013,M,233.47,105.62,4512.0,44.2,7.4,67.0,0.157,0.081,0.306,403.5,34860.0,1261.07,275.4,1866.18,112.49,616.38,180.01,743.29,121.07,192.4,2015.0,11261.9,22657.8,31214.1,41148.2,67810.7,2016,0.0,0.0,0.0,0.0,0,True,1,1,1
90,Germany,2014,F,91.52,75.11,2403.0,46.8,8.2,63.6,0.145,0.04,0.2,410.82,36150.0,1282.99,,1929.17,116.22,645.35,185.1,787.61,127.67,190.97,2015.0,11261.9,22657.8,31214.1,41148.2,67810.7,2016,0.0,0.0,0.0,0.0,0,True,1,1,1
91,Germany,2014,M,224.37,100.9,4364.0,44.4,7.8,66.9,0.157,0.081,0.306,410.82,36150.0,1282.99,,1929.17,116.22,645.35,185.1,787.61,127.67,190.97,2015.0,11261.9,22657.8,31214.1,41148.2,67810.7,2016,0.0,0.0,0.0,0.0,0,True,1,1,1
92,Germany,2015,F,95.52,76.63,2475.0,47.1,8.2,63.2,0.145,0.04,0.2,413.93,37050.0,1292.75,283.8,1980.83,119.52,680.12,204.2,825.09,132.14,199.14,2015.0,11261.9,22657.8,31214.1,41148.2,67810.7,2016,0.0,0.0,0.0,0.0,0,True,1,1,1
93,Germany,2015,M,228.08,103.27,4445.0,44.6,8.4,66.0,0.157,0.081,0.306,413.93,37050.0,1292.75,283.8,1980.83,119.52,680.12,204.2,825.09,132.14,199.14,2015.0,11261.9,22657.8,31214.1,41148.2,67810.7,2016,0.0,0.0,0.0,0.0,0,True,1,1,1
94,Germany,2016,F,94.81,75.14,2449.0,47.2,8.6,63.6,0.145,0.04,0.2,418.65,38070.0,1310.28,,2040.25,121.24,713.32,211.64,847.26,136.82,204.52,2015.0,11261.9,22657.8,31214.1,41148.2,67810.7,2016,0.0,0.0,0.0,0.0,0,True,1,1,1
95,Germany,2016,M,224.21,99.8,4386.0,44.3,8.0,66.8,0.157,0.081,0.306,418.65,38070.0,1310.28,,2040.25,121.24,713.32,211.64,847.26,136.82,204.52,2015.0,11261.9,22657.8,31214.1,41148.2,67810.7,2016,0.0,0.0,0.0,0.0,0,True,1,1,1
96,Germany,2017,F,94.9,73.7,2388.0,47.3,8.7,63.8,0.145,0.04,0.2,424.88,39440.0,1341.69,289.5,2088.67,125.28,816.59,219.19,865.66,141.6,208.36,2015.0,11261.9,22657.8,31214.1,41148.2,67810.7,2016,0.0,0.0,0.0,0.0,0,True,1,1,1
97,Germany,2017,M,219.71,98.39,4217.0,44.3,8.2,67.1,0.157,0.081,0.306,424.88,39440.0,1341.69,289.5,2088.67,125.28,816.59,219.19,865.66,141.6,208.36,2015.0,11261.9,22657.8,31214.1,41148.2,67810.7,2016,0.0,0.0,0.0,0.0,0,True,1,1,1
98,Greece,2011,F,65.55,74.53,2238.0,42.8,9.9,74.1,0.134,0.11800000000000001,0.061,,18310.0,370.74,,992.4,0.86,10.11,74.68,560.85,20.01,24.2,2015.0,5005.0,9829.2,12713.9,17121.5,30095.8,2016,1.0,1.0,0.0,1.0,0,True,0,0,1
99,Greece,2011,M,239.19,115.76,4928.0,40.2,8.0,78.9,0.175,0.25,0.154,,18310.0,370.74,,992.4,0.86,10.11,74.68,560.85,20.01,24.2,2015.0,5005.0,9829.2,12713.9,17121.5,30095.8,2016,1.0,1.0,0.0,1.0,0,True,0,0,1
100,Greece,2012,F,65.58,77.14,2186.0,43.3,10.5,72.3,0.134,0.11800000000000001,0.061,,17060.0,358.16,,934.99,1.27,15.42,56.62,474.64,16.29,22.85,2015.0,5005.0,9829.2,12713.9,17121.5,30095.8,2016,1.0,1.0,0.0,1.0,0,True,0,0,1
101,Greece,2012,M,244.36,117.64,4871.0,40.7,7.9,78.0,0.175,0.25,0.154,,17060.0,358.16,,934.99,1.27,15.42,56.62,474.64,16.29,22.85,2015.0,5005.0,9829.2,12713.9,17121.5,30095.8,2016,1.0,1.0,0.0,1.0,0,True,0,0,1
102,Greece,2013,F,66.81,74.05,2147.0,43.8,11.7,71.3,0.134,0.11800000000000001,0.061,,16380.0,353.68,,849.19,1.0,12.02,69.88,401.03,15.63,21.78,2015.0,5005.0,9829.2,12713.9,17121.5,30095.8,2016,1.0,1.0,0.0,1.0,0,True,0,0,1
103,Greece,2013,M,241.0,109.98,4657.0,41.1,9.1,77.1,0.175,0.25,0.154,,16380.0,353.68,,849.19,1.0,12.02,69.88,401.03,15.63,21.78,2015.0,5005.0,9829.2,12713.9,17121.5,30095.8,2016,1.0,1.0,0.0,1.0,0,True,0,0,1
104,Greece,2014,F,61.49,74.97,2121.0,44.3,11.7,71.2,0.134,0.11800000000000001,0.061,,16280.0,347.42,,781.16,9.52,8.34,65.4,377.2,19.64,26.29,2015.0,5005.0,9829.2,12713.9,17121.5,30095.8,2016,1.0,1.0,0.0,1.0,0,True,0,0,1
105,Greece,2014,M,231.8,116.17,4627.0,41.6,9.7,76.2,0.175,0.25,0.154,,16280.0,347.42,,781.16,9.52,8.34,65.4,377.2,19.64,26.29,2015.0,5005.0,9829.2,12713.9,17121.5,30095.8,2016,1.0,1.0,0.0,1.0,0,True,0,0,1
106,Greece,2015,F,63.99,76.21,2152.0,44.8,11.2,71.5,0.134,0.11800000000000001,0.061,,16270.0,344.89,,782.97,7.21,16.87,68.84,399.58,17.25,20.49,2015.0,5005.0,9829.2,12713.9,17121.5,30095.8,2016,1.0,1.0,0.0,1.0,0,True,0,0,1
107,Greece,2015,M,235.02,119.39,4663.0,42.1,9.4,76.8,0.175,0.25,0.154,,16270.0,344.89,,782.97,7.21,16.87,68.84,399.58,17.25,20.49,2015.0,5005.0,9829.2,12713.9,17121.5,30095.8,2016,1.0,1.0,0.0,1.0,0,True,0,0,1
108,Greece,2016,F,65.24,75.43,2220.0,45.2,11.3,71.6,0.134,0.11800000000000001,0.061,,16170.0,350.04,,809.14,6.53,15.51,49.88,425.46,17.34,21.59,2015.0,5005.0,9829.2,12713.9,17121.5,30095.8,2016,1.0,1.0,0.0,1.0,0,True,0,0,1
109,Greece,2016,M,225.86,116.64,4644.0,42.5,9.2,76.7,0.175,0.25,0.154,,16170.0,350.04,,809.14,6.53,15.51,49.88,425.46,17.34,21.59,2015.0,5005.0,9829.2,12713.9,17121.5,30095.8,2016,1.0,1.0,0.0,1.0,0,True,0,0,1
110,Greece,2017,F,64.26,76.6,2080.0,45.6,11.4,71.6,0.134,0.11800000000000001,0.061,,16470.0,357.05,,807.71,8.55,21.51,44.4,414.73,16.95,20.91,2015.0,5005.0,9829.2,12713.9,17121.5,30095.8,2016,1.0,1.0,0.0,1.0,0,True,0,0,1
111,Greece,2017,M,227.13,113.93,4469.0,42.8,9.2,76.9,0.175,0.25,0.154,,16470.0,357.05,,807.71,8.55,21.51,44.4,414.73,16.95,20.91,2015.0,5005.0,9829.2,12713.9,17121.5,30095.8,2016,1.0,1.0,0.0,1.0,0,True,0,0,1
112,Hungary,2011,F,201.43,152.34,4274.0,42.6,18.8,52.1,0.175,0.035,0.028999999999999998,296.22,10230.0,639.24,,344.79,25.17,29.19,38.28,289.07,25.84,12.56,2015.0,3657.7,5866.3,7641.1,10043.4,16038.2,2012,1.0,0.0,0.0,0.0,0,False,0,0,1
113,Hungary,2011,M,557.7,257.96,9298.0,37.6,13.6,59.9,0.20600000000000002,0.11,0.111,296.22,10230.0,639.24,,344.79,25.17,29.19,38.28,289.07,25.84,12.56,2015.0,3657.7,5866.3,7641.1,10043.4,16038.2,2012,1.0,0.0,0.0,0.0,0,False,0,0,1
114,Hungary,2012,F,198.36,150.7,4171.0,43.2,18.5,53.2,0.175,0.035,0.028999999999999998,308.87,10080.0,649.75,427.5,354.39,26.77,27.47,39.25,265.35,21.41,12.73,2015.0,3657.7,5866.3,7641.1,10043.4,16038.2,2012,1.0,0.0,0.0,0.0,0,False,0,0,1
115,Hungary,2012,M,538.49,248.59,8901.0,38.5,13.8,61.7,0.20600000000000002,0.11,0.111,308.87,10080.0,649.75,427.5,354.39,26.77,27.47,39.25,265.35,21.41,12.73,2015.0,3657.7,5866.3,7641.1,10043.4,16038.2,2012,1.0,0.0,0.0,0.0,0,False,0,0,1
116,Hungary,2013,F,191.96,143.57,3964.0,43.5,17.9,52.5,0.175,0.035,0.028999999999999998,320.91,10310.0,659.65,,366.6,27.33,29.94,40.47,247.31,20.88,13.25,2015.0,3657.7,5866.3,7641.1,10043.4,16038.2,2012,1.0,0.0,0.0,0.0,0,False,0,0,1
117,Hungary,2013,M,506.31,238.47,8349.0,38.8,13.6,60.3,0.20600000000000002,0.11,0.111,320.91,10310.0,659.65,,366.6,27.33,29.94,40.47,247.31,20.88,13.25,2015.0,3657.7,5866.3,7641.1,10043.4,16038.2,2012,1.0,0.0,0.0,0.0,0,False,0,0,1
118,Hungary,2014,F,190.5,141.75,3863.0,43.7,18.2,53.5,0.175,0.035,0.028999999999999998,332.35,10750.0,658.35,,372.44,25.81,32.33,39.89,250.14,20.49,14.77,2015.0,3657.7,5866.3,7641.1,10043.4,16038.2,2012,1.0,0.0,0.0,0.0,0,False,0,0,1
119,Hungary,2014,M,503.64,235.51,8230.0,39.2,12.9,61.0,0.20600000000000002,0.11,0.111,332.35,10750.0,658.35,,372.44,25.81,32.33,39.89,250.14,20.49,14.77,2015.0,3657.7,5866.3,7641.1,10043.4,16038.2,2012,1.0,0.0,0.0,0.0,0,False,0,0,1
120,Hungary,2015,F,198.75,143.62,3947.0,44.0,17.6,53.6,0.175,0.035,0.028999999999999998,309.72,11450.0,664.09,,387.58,26.85,31.71,41.69,256.41,21.25,16.67,2015.0,3657.7,5866.3,7641.1,10043.4,16038.2,2012,1.0,0.0,0.0,0.0,0,False,0,0,1
121,Hungary,2015,M,502.07,235.51,8132.0,39.6,13.6,59.7,0.20600000000000002,0.11,0.111,309.72,11450.0,664.09,,387.58,26.85,31.71,41.69,256.41,21.25,16.67,2015.0,3657.7,5866.3,7641.1,10043.4,16038.2,2012,1.0,0.0,0.0,0.0,0,False,0,0,1
122,Hungary,2016,F,184.89,134.27,3680.0,44.2,15.2,56.4,0.175,0.035,0.028999999999999998,321.12,11830.0,660.14,,404.2,30.19,30.4,50.18,266.85,26.19,16.64,2015.0,3657.7,5866.3,7641.1,10043.4,16038.2,2012,1.0,0.0,0.0,0.0,0,False,0,0,1
123,Hungary,2016,M,499.22,229.29,7838.0,40.0,11.0,63.3,0.20600000000000002,0.11,0.111,321.12,11830.0,660.14,,404.2,30.19,30.4,50.18,266.85,26.19,16.64,2015.0,3657.7,5866.3,7641.1,10043.4,16038.2,2012,1.0,0.0,0.0,0.0,0,False,0,0,1
124,Hungary,2017,F,191.92,136.96,3712.0,44.5,14.8,55.5,0.175,0.035,0.028999999999999998,332.48,12960.0,676.33,,436.43,32.22,34.77,53.31,266.07,26.5,18.38,2015.0,3657.7,5866.3,7641.1,10043.4,16038.2,2012,1.0,0.0,0.0,0.0,0,False,0,0,1
125,Hungary,2017,M,495.52,232.93,7751.0,40.4,10.8,63.5,0.20600000000000002,0.11,0.111,332.48,12960.0,676.33,,436.43,32.22,34.77,53.31,266.07,26.5,18.38,2015.0,3657.7,5866.3,7641.1,10043.4,16038.2,2012,1.0,0.0,0.0,0.0,0,False,0,0,1
126,Iceland,2011,F,108.82,58.07,1957.0,35.6,7.6,76.1,0.175,0.016,0.205,350.46,34280.0,1569.21,,1420.19,144.56,575.61,58.03,507.05,68.33,42.67,,,,,,,2016,1.0,1.0,0.0,1.0,1,False,0,1,1
127,Iceland,2011,M,168.14,70.72,3079.0,34.4,5.0,79.4,0.177,0.038,0.31,350.46,34280.0,1569.21,,1420.19,144.56,575.61,58.03,507.05,68.33,42.67,,,,,,,2016,1.0,1.0,0.0,1.0,1,False,0,1,1
128,Iceland,2012,F,106.78,57.77,1857.0,35.9,6.3,74.8,0.175,0.016,0.205,356.08,35800.0,1596.12,199.2,1488.68,156.28,588.71,64.09,513.69,74.05,42.48,,,,,,,2016,1.0,1.0,0.0,1.0,1,False,0,1,1
129,Iceland,2012,M,152.87,66.66,3111.0,34.7,3.8,79.0,0.177,0.038,0.31,356.08,35800.0,1596.12,199.2,1488.68,156.28,588.71,64.09,513.69,74.05,42.48,,,,,,,2016,1.0,1.0,0.0,1.0,1,False,0,1,1
130,Iceland,2013,F,95.51,73.05,2134.0,36.2,7.7,74.1,0.175,0.016,0.205,360.76,37470.0,1626.8,202.0,1571.69,159.85,636.63,69.41,502.47,78.87,44.54,,,,,,,2016,1.0,1.0,0.0,1.0,1,False,0,1,1
131,Iceland,2013,M,167.46,63.91,3181.0,34.8,3.9,79.5,0.177,0.038,0.31,360.76,37470.0,1626.8,202.0,1571.69,159.85,636.63,69.41,502.47,78.87,44.54,,,,,,,2016,1.0,1.0,0.0,1.0,1,False,0,1,1
132,Iceland,2014,F,88.37,58.7,2243.0,36.3,8.0,72.9,0.175,0.016,0.205,364.4,41150.0,1615.53,195.2,1779.93,177.17,696.78,85.68,522.87,81.96,41.82,,,,,,,2016,1.0,1.0,0.0,1.0,1,False,0,1,1
133,Iceland,2014,M,148.4,66.85,2935.0,34.9,4.7,79.3,0.177,0.038,0.31,364.4,41150.0,1615.53,195.2,1779.93,177.17,696.78,85.68,522.87,81.96,41.82,,,,,,,2016,1.0,1.0,0.0,1.0,1,False,0,1,1
134,Iceland,2015,F,97.12,69.15,2095.0,36.5,7.5,72.7,0.175,0.016,0.205,377.55,47750.0,1628.41,204.6,2027.58,213.45,800.82,93.59,578.47,92.4,47.71,,,,,,,2016,1.0,1.0,0.0,1.0,1,False,0,1,1
135,Iceland,2015,M,155.15,64.63,3264.0,35.2,3.9,80.1,0.177,0.038,0.31,377.55,47750.0,1628.41,204.6,2027.58,213.45,800.82,93.59,578.47,92.4,47.71,,,,,,,2016,1.0,1.0,0.0,1.0,1,False,0,1,1
136,Iceland,2016,F,102.99,58.34,1758.0,36.8,9.1,73.2,0.175,0.016,0.205,385.17,56070.0,1501.02,201.4,2399.07,288.32,932.44,111.82,641.97,111.23,53.92,,,,,,,2016,1.0,1.0,0.0,1.0,1,False,0,1,1
137,Iceland,2016,M,175.03,66.37,3187.0,35.5,4.1,79.0,0.177,0.038,0.31,385.17,56070.0,1501.02,201.4,2399.07,288.32,932.44,111.82,641.97,111.23,53.92,,,,,,,2016,1.0,1.0,0.0,1.0,1,False,0,1,1
138,Iceland,2017,F,74.52,50.52,1783.0,36.9,8.1,74.7,0.175,0.016,0.205,387.3,63840.0,1529.71,,2794.38,387.04,1050.0,130.16,713.95,132.95,64.95,,,,,,,2016,1.0,1.0,0.0,1.0,1,False,0,1,1
139,Iceland,2017,M,172.87,62.02,3400.0,35.7,3.6,79.4,0.177,0.038,0.31,387.3,63840.0,1529.71,,2794.38,387.04,1050.0,130.16,713.95,132.95,64.95,,,,,,,2016,1.0,1.0,0.0,1.0,1,False,0,1,1
140,Ireland,2011,F,100.31,84.92,2560.0,34.9,2.9,83.1,0.16699999999999998,0.03,0.16399999999999998,266.7,37340.0,,,,,878.25,116.33,614.88,119.82,82.49,2015.0,16411.1,27132.3,40530.9,55006.8,83478.8,2016,1.0,0.0,0.0,0.0,1,False,0,1,1
141,Ireland,2011,M,216.34,103.37,4388.0,34.1,2.8,83.6,0.2,0.052000000000000005,0.256,266.7,37340.0,,,,,878.25,116.33,614.88,119.82,82.49,2015.0,16411.1,27132.3,40530.9,55006.8,83478.8,2016,1.0,0.0,0.0,0.0,1,False,0,1,1
142,Ireland,2012,F,95.84,80.62,2522.0,35.4,2.7,82.8,0.16699999999999998,0.03,0.16399999999999998,270.68,38090.0,,424.3,,,919.88,111.3,631.18,115.87,93.02,2015.0,16411.1,27132.3,40530.9,55006.8,83478.8,2016,1.0,0.0,0.0,0.0,1,False,0,1,1
143,Ireland,2012,M,211.13,99.04,4226.0,34.6,3.2,82.9,0.2,0.052000000000000005,0.256,270.68,38090.0,,424.3,,,919.88,111.3,631.18,115.87,93.02,2015.0,16411.1,27132.3,40530.9,55006.8,83478.8,2016,1.0,0.0,0.0,0.0,1,False,0,1,1
144,Ireland,2013,F,94.38,78.26,2395.0,35.8,3.9,80.8,0.16699999999999998,0.03,0.16399999999999998,267.46,38880.0,,420.0,,,880.33,122.63,592.54,113.65,106.4,2015.0,16411.1,27132.3,40530.9,55006.8,83478.8,2016,1.0,0.0,0.0,0.0,1,False,0,1,1
145,Ireland,2013,M,207.05,95.0,4070.0,35.0,3.4,83.2,0.2,0.052000000000000005,0.256,267.46,38880.0,,420.0,,,880.33,122.63,592.54,113.65,106.4,2015.0,16411.1,27132.3,40530.9,55006.8,83478.8,2016,1.0,0.0,0.0,0.0,1,False,0,1,1
146,Ireland,2014,F,98.66,77.45,2284.0,36.2,4.2,82.1,0.16699999999999998,0.03,0.16399999999999998,301.2,41950.0,,406.9,,,910.95,113.21,580.42,110.35,135.17,2015.0,16411.1,27132.3,40530.9,55006.8,83478.8,2016,1.0,0.0,0.0,0.0,1,False,0,1,1
147,Ireland,2014,M,196.85,90.24,3987.0,35.4,3.6,83.3,0.2,0.052000000000000005,0.256,301.2,41950.0,,406.9,,,910.95,113.21,580.42,110.35,135.17,2015.0,16411.1,27132.3,40530.9,55006.8,83478.8,2016,1.0,0.0,0.0,0.0,1,False,0,1,1
148,Ireland,2015,F,89.77,77.74,2278.0,36.6,3.7,82.0,0.16699999999999998,0.03,0.16399999999999998,311.91,55980.0,,411.3,,,888.14,116.41,584.58,110.03,119.82,2015.0,16411.1,27132.3,40530.9,55006.8,83478.8,2016,1.0,0.0,0.0,0.0,1,False,0,1,1
149,Ireland,2015,M,185.13,90.04,3711.0,35.8,3.8,83.2,0.2,0.052000000000000005,0.256,311.91,55980.0,,411.3,,,888.14,116.41,584.58,110.03,119.82,2015.0,16411.1,27132.3,40530.9,55006.8,83478.8,2016,1.0,0.0,0.0,0.0,1,False,0,1,1
150,Ireland,2016,F,93.98,75.52,2173.0,36.9,3.6,83.1,0.16699999999999998,0.03,0.16399999999999998,319.18,57020.0,,422.6,,,914.39,122.01,602.73,110.93,115.91,2015.0,16411.1,27132.3,40530.9,55006.8,83478.8,2016,1.0,0.0,0.0,0.0,1,False,0,1,1
151,Ireland,2016,M,183.17,84.87,3617.0,36.1,3.4,82.7,0.2,0.052000000000000005,0.256,319.18,57020.0,,422.6,,,914.39,122.01,602.73,110.93,115.91,2015.0,16411.1,27132.3,40530.9,55006.8,83478.8,2016,1.0,0.0,0.0,0.0,1,False,0,1,1
152,Ireland,2017,F,86.85,68.18,2138.0,37.3,3.7,83.6,0.16699999999999998,0.03,0.16399999999999998,325.75,62550.0,,328.6,,,942.09,124.54,623.17,117.22,130.53,2015.0,16411.1,27132.3,40530.9,55006.8,83478.8,2016,1.0,0.0,0.0,0.0,1,False,0,1,1
153,Ireland,2017,M,172.87,78.46,3427.0,36.5,3.0,82.9,0.2,0.052000000000000005,0.256,325.75,62550.0,,328.6,,,942.09,124.54,623.17,117.22,130.53,2015.0,16411.1,27132.3,40530.9,55006.8,83478.8,2016,1.0,0.0,0.0,0.0,1,False,0,1,1
154,Italy,2011,F,65.56,69.54,2034.0,45.0,15.1,61.5,0.08199999999999999,0.036000000000000004,0.036000000000000004,389.83,27450.0,,,,,,,,,,,,,,,,2016,1.0,1.0,1.0,1.0,1,False,1,1,1
155,Italy,2011,M,189.96,82.23,3612.0,42.3,10.8,67.9,0.10300000000000001,0.095,0.096,389.83,27450.0,,,,,,,,,,,,,,,,2016,1.0,1.0,1.0,1.0,1,False,1,1,1
156,Italy,2012,F,64.49,69.54,2006.0,45.3,14.3,64.7,0.08199999999999999,0.036000000000000004,0.036000000000000004,387.34,26920.0,,91.9,,,247.78,207.86,465.24,98.27,37.55,,,,,,,2016,1.0,1.0,1.0,1.0,1,False,1,1,1
157,Italy,2012,M,185.42,81.47,3520.0,42.6,10.6,71.8,0.10300000000000001,0.095,0.096,387.34,26920.0,,91.9,,,247.78,207.86,465.24,98.27,37.55,,,,,,,2016,1.0,1.0,1.0,1.0,1,False,1,1,1
158,Italy,2013,F,62.41,65.61,1909.0,45.7,14.2,62.8,0.08199999999999999,0.036000000000000004,0.036000000000000004,390.01,26590.0,532.98,79.9,,,248.43,204.27,467.46,97.8,32.99,,,,,,,2016,1.0,1.0,1.0,1.0,1,False,1,1,1
159,Italy,2013,M,175.62,77.97,3366.0,43.0,10.6,70.1,0.10300000000000001,0.095,0.096,390.01,26590.0,532.98,79.9,,,248.43,204.27,467.46,97.8,32.99,,,,,,,2016,1.0,1.0,1.0,1.0,1,False,1,1,1
160,Italy,2014,F,60.36,64.71,1844.0,46.0,13.6,64.5,0.08199999999999999,0.036000000000000004,0.036000000000000004,388.04,26770.0,553.29,71.2,,,250.51,204.94,470.99,101.28,31.12,,,,,,,2016,1.0,1.0,1.0,1.0,1,False,1,1,1
161,Italy,2014,M,170.24,73.97,3213.0,43.3,10.2,71.7,0.10300000000000001,0.095,0.096,388.04,26770.0,553.29,71.2,,,250.51,204.94,470.99,101.28,31.12,,,,,,,2016,1.0,1.0,1.0,1.0,1,False,1,1,1
162,Italy,2015,F,61.9,65.79,1887.0,46.4,14.1,62.7,0.08199999999999999,0.036000000000000004,0.036000000000000004,383.83,27260.0,570.09,63.6,,,250.12,197.84,499.78,100.58,33.84,,,,,,,2016,1.0,1.0,1.0,1.0,1,False,1,1,1
163,Italy,2015,M,170.04,77.57,3287.0,43.7,10.5,69.0,0.10300000000000001,0.095,0.096,383.83,27260.0,570.09,63.6,,,250.12,197.84,499.78,100.58,33.84,,,,,,,2016,1.0,1.0,1.0,1.0,1,False,1,1,1
164,Italy,2016,F,60.14,62.34,1841.0,46.9,9.2,67.8,0.08199999999999999,0.036000000000000004,0.036000000000000004,395.27,27970.0,583.93,,,,255.3,200.35,501.75,103.02,38.86,,,,,,,2016,1.0,1.0,1.0,1.0,1,False,1,1,1
165,Italy,2016,M,164.25,71.65,3129.0,44.1,6.1,74.4,0.10300000000000001,0.095,0.096,395.27,27970.0,583.93,,,,255.3,200.35,501.75,103.02,38.86,,,,,,,2016,1.0,1.0,1.0,1.0,1,False,1,1,1
166,Italy,2017,F,60.19,62.49,1818.0,47.3,6.9,74.1,0.08199999999999999,0.036000000000000004,0.036000000000000004,398.95,28690.0,607.42,63.8,,,264.95,203.69,509.29,109.65,41.33,,,,,,,2016,1.0,1.0,1.0,1.0,1,False,1,1,1
167,Italy,2017,M,161.06,71.05,3108.0,44.5,4.6,80.1,0.10300000000000001,0.095,0.096,398.95,28690.0,607.42,63.8,,,264.95,203.69,509.29,109.65,41.33,,,,,,,2016,1.0,1.0,1.0,1.0,1,False,1,1,1
168,Latvia,2011,F,182.03,171.26,4750.0,44.9,20.1,42.4,0.187,0.026000000000000002,0.102,313.44,9870.0,515.17,,,,,,,,,2015.0,2903.8,5817.0,9990.3,14587.3,26319.6,2016,1.0,1.0,1.0,0.0,0,True,1,1,1
169,Latvia,2011,M,630.02,333.31,12528.0,37.7,14.5,50.9,0.18,0.16,0.344,313.44,9870.0,515.17,,,,,,,,,2015.0,2903.8,5817.0,9990.3,14587.3,26319.6,2016,1.0,1.0,1.0,0.0,0,True,1,1,1
170,Latvia,2012,F,176.25,161.74,4437.0,45.4,17.2,43.1,0.187,0.026000000000000002,0.102,314.4,10930.0,505.48,266.7,,,,,,,,2015.0,2903.8,5817.0,9990.3,14587.3,26319.6,2016,1.0,1.0,1.0,0.0,0,True,1,1,1
171,Latvia,2012,M,627.36,320.58,12339.0,38.1,12.7,51.4,0.18,0.16,0.344,314.4,10930.0,505.48,266.7,,,,,,,,2015.0,2903.8,5817.0,9990.3,14587.3,26319.6,2016,1.0,1.0,1.0,0.0,0,True,1,1,1
172,Latvia,2013,F,181.2,161.86,4567.0,45.7,19.1,41.3,0.187,0.026000000000000002,0.102,319.13,11410.0,508.09,251.2,289.2,14.21,32.94,74.0,183.03,4.44,14.66,2015.0,2903.8,5817.0,9990.3,14587.3,26319.6,2016,1.0,1.0,1.0,0.0,0,True,1,1,1
173,Latvia,2013,M,607.85,305.78,11997.0,38.4,13.5,50.4,0.18,0.16,0.344,319.13,11410.0,508.09,251.2,289.2,14.21,32.94,74.0,183.03,4.44,14.66,2015.0,2903.8,5817.0,9990.3,14587.3,26319.6,2016,1.0,1.0,1.0,0.0,0,True,1,1,1
174,Latvia,2014,F,164.44,147.65,4227.0,46.0,19.5,42.1,0.187,0.026000000000000002,0.102,321.6,11840.0,502.06,249.5,310.24,10.73,35.52,72.95,194.95,12.79,10.22,2015.0,2903.8,5817.0,9990.3,14587.3,26319.6,2016,1.0,1.0,1.0,0.0,0,True,1,1,1
175,Latvia,2014,M,599.91,298.81,11911.0,38.7,14.1,50.5,0.18,0.16,0.344,321.6,11840.0,502.06,249.5,310.24,10.73,35.52,72.95,194.95,12.79,10.22,2015.0,2903.8,5817.0,9990.3,14587.3,26319.6,2016,1.0,1.0,1.0,0.0,0,True,1,1,1
176,Latvia,2015,F,164.97,153.67,4064.0,46.3,18.8,42.3,0.187,0.026000000000000002,0.102,319.79,12420.0,488.54,258.9,331.06,14.85,36.8,76.82,214.51,14.23,14.04,2015.0,2903.8,5817.0,9990.3,14587.3,26319.6,2016,1.0,1.0,1.0,0.0,0,True,1,1,1
177,Latvia,2015,M,578.43,284.04,11278.0,38.9,13.1,51.4,0.18,0.16,0.344,319.79,12420.0,488.54,258.9,331.06,14.85,36.8,76.82,214.51,14.23,14.04,2015.0,2903.8,5817.0,9990.3,14587.3,26319.6,2016,1.0,1.0,1.0,0.0,0,True,1,1,1
178,Latvia,2016,F,157.91,147.39,4081.0,46.5,17.8,42.8,0.187,0.026000000000000002,0.102,321.25,12940.0,484.25,244.0,370.62,22.69,37.56,75.32,253.38,19.07,15.48,2015.0,2903.8,5817.0,9990.3,14587.3,26319.6,2016,1.0,1.0,1.0,0.0,0,True,1,1,1
179,Latvia,2016,M,567.61,284.98,10937.0,39.1,12.9,52.8,0.18,0.16,0.344,321.25,12940.0,484.25,244.0,370.62,22.69,37.56,75.32,253.38,19.07,15.48,2015.0,2903.8,5817.0,9990.3,14587.3,26319.6,2016,1.0,1.0,1.0,0.0,0,True,1,1,1
180,Latvia,2017,F,157.09,139.98,3993.0,46.7,19.2,39.7,0.187,0.026000000000000002,0.102,320.5,13890.0,477.33,241.5,387.21,26.62,41.07,79.59,258.1,19.92,16.29,2015.0,2903.8,5817.0,9990.3,14587.3,26319.6,2016,1.0,1.0,1.0,0.0,0,True,1,1,1
181,Latvia,2017,M,554.48,283.55,11034.0,39.3,14.0,49.9,0.18,0.16,0.344,320.5,13890.0,477.33,241.5,387.21,26.62,41.07,79.59,258.1,19.92,16.29,2015.0,2903.8,5817.0,9990.3,14587.3,26319.6,2016,1.0,1.0,1.0,0.0,0,True,1,1,1
182,Lithuania,2011,F,172.85,154.33,4500.0,44.1,22.5,39.9,0.159,0.013999999999999999,0.102,409.73,10340.0,783.09,,332.73,28.34,53.96,39.74,194.74,8.37,13.09,2015.0,2678.2,5395.5,8944.2,13645.4,26602.9,2016,1.0,1.0,1.0,1.0,1,False,1,1,1
183,Lithuania,2011,M,660.16,317.09,13271.0,37.9,16.1,50.0,0.131,0.155,0.321,409.73,10340.0,783.09,,332.73,28.34,53.96,39.74,194.74,8.37,13.09,2015.0,2678.2,5395.5,8944.2,13645.4,26602.9,2016,1.0,1.0,1.0,1.0,1,False,1,1,1
184,Lithuania,2012,F,169.57,149.4,4231.0,44.7,23.2,40.7,0.159,0.013999999999999999,0.102,421.85,11180.0,789.38,324.7,336.09,31.42,53.67,35.29,223.4,8.0,13.94,2015.0,2678.2,5395.5,8944.2,13645.4,26602.9,2016,1.0,1.0,1.0,1.0,1,False,1,1,1
185,Lithuania,2012,M,641.56,318.1,12919.0,38.3,16.5,50.3,0.131,0.155,0.321,421.85,11180.0,789.38,324.7,336.09,31.42,53.67,35.29,223.4,8.0,13.94,2015.0,2678.2,5395.5,8944.2,13645.4,26602.9,2016,1.0,1.0,1.0,1.0,1,False,1,1,1
186,Lithuania,2013,F,165.21,145.59,4276.0,45.1,21.3,42.2,0.159,0.013999999999999999,0.102,427.7,11850.0,785.28,322.3,361.66,22.62,55.21,37.98,225.34,9.72,13.2,2015.0,2678.2,5395.5,8944.2,13645.4,26602.9,2016,1.0,1.0,1.0,1.0,1,False,1,1,1
187,Lithuania,2013,M,630.27,312.41,12925.0,38.6,14.6,52.2,0.131,0.155,0.321,427.7,11850.0,785.28,322.3,361.66,22.62,55.21,37.98,225.34,9.72,13.2,2015.0,2678.2,5395.5,8944.2,13645.4,26602.9,2016,1.0,1.0,1.0,1.0,1,False,1,1,1
188,Lithuania,2014,F,156.31,138.47,4019.0,45.5,20.5,40.6,0.159,0.013999999999999999,0.102,430.74,12480.0,790.9,282.8,371.7,22.66,67.66,39.95,239.84,14.18,16.61,2015.0,2678.2,5395.5,8944.2,13645.4,26602.9,2016,1.0,1.0,1.0,1.0,1,False,1,1,1
189,Lithuania,2014,M,593.78,292.43,12094.0,38.8,14.3,51.1,0.131,0.155,0.321,430.74,12480.0,790.9,282.8,371.7,22.66,67.66,39.95,239.84,14.18,16.61,2015.0,2678.2,5395.5,8944.2,13645.4,26602.9,2016,1.0,1.0,1.0,1.0,1,False,1,1,1
190,Lithuania,2015,F,156.39,145.36,4098.0,45.9,20.4,38.5,0.159,0.013999999999999999,0.102,433.92,12860.0,797.68,281.8,411.11,23.73,72.37,43.42,250.61,16.14,17.02,2015.0,2678.2,5395.5,8944.2,13645.4,26602.9,2016,1.0,1.0,1.0,1.0,1,False,1,1,1
191,Lithuania,2015,M,595.49,309.28,11800.0,39.0,13.3,49.5,0.131,0.155,0.321,433.92,12860.0,797.68,281.8,411.11,23.73,72.37,43.42,250.61,16.14,17.02,2015.0,2678.2,5395.5,8944.2,13645.4,26602.9,2016,1.0,1.0,1.0,1.0,1,False,1,1,1
192,Lithuania,2016,F,150.7,141.26,3866.0,46.2,19.0,40.0,0.159,0.013999999999999999,0.102,446.69,13560.0,802.59,274.4,454.22,23.38,75.23,45.35,269.16,18.37,14.26,2015.0,2678.2,5395.5,8944.2,13645.4,26602.9,2016,1.0,1.0,1.0,1.0,1,False,1,1,1
193,Lithuania,2016,M,583.93,298.09,11613.0,39.3,13.5,49.1,0.131,0.155,0.321,446.69,13560.0,802.59,274.4,454.22,23.38,75.23,45.35,269.16,18.37,14.26,2015.0,2678.2,5395.5,8944.2,13645.4,26602.9,2016,1.0,1.0,1.0,1.0,1,False,1,1,1
194,Lithuania,2017,F,144.04,127.19,3579.0,46.7,19.2,40.2,0.159,0.013999999999999999,0.102,455.63,14950.0,802.75,263.4,486.13,28.05,81.34,53.88,284.36,20.91,11.55,2015.0,2678.2,5395.5,8944.2,13645.4,26602.9,2016,1.0,1.0,1.0,1.0,1,False,1,1,1
195,Lithuania,2017,M,527.56,267.43,9978.0,39.6,11.6,49.6,0.131,0.155,0.321,455.63,14950.0,802.75,263.4,486.13,28.05,81.34,53.88,284.36,20.91,11.55,2015.0,2678.2,5395.5,8944.2,13645.4,26602.9,2016,1.0,1.0,1.0,1.0,1,False,1,1,1
196,Luxembourg,2011,F,93.02,75.73,2465.0,39.7,8.7,70.2,0.128,0.040999999999999995,0.19399999999999998,277.81,83100.0,1163.51,,2560.45,262.45,1041.77,287.91,568.87,118.12,250.16,2015.0,25849.3,47051.5,58070.2,76374.0,131011.2,2016,1.0,0.0,0.0,0.0,1,False,0,0,0
197,Luxembourg,2011,M,208.56,91.87,4041.0,38.3,7.1,75.1,0.15,0.068,0.295,277.81,83100.0,1163.51,,2560.45,262.45,1041.77,287.91,568.87,118.12,250.16,2015.0,25849.3,47051.5,58070.2,76374.0,131011.2,2016,1.0,0.0,0.0,0.0,1,False,0,0,0
198,Luxembourg,2012,F,88.67,69.32,2113.0,39.7,8.3,72.6,0.128,0.040999999999999995,0.19399999999999998,280.63,83000.0,1228.75,195.3,2458.74,104.63,853.97,282.34,698.69,93.06,147.68,2015.0,25849.3,47051.5,58070.2,76374.0,131011.2,2016,1.0,0.0,0.0,0.0,1,False,0,0,0
199,Luxembourg,2012,M,216.43,84.5,3987.0,38.5,6.4,75.2,0.15,0.068,0.295,280.63,83000.0,1228.75,195.3,2458.74,104.63,853.97,282.34,698.69,93.06,147.68,2015.0,25849.3,47051.5,58070.2,76374.0,131011.2,2016,1.0,0.0,0.0,0.0,1,False,0,0,0
200,Luxembourg,2013,F,89.76,79.61,2492.0,39.7,9.5,69.9,0.128,0.040999999999999995,0.19399999999999998,283.05,85270.0,1230.12,193.8,2486.33,104.68,901.12,286.72,699.57,96.31,155.8,2015.0,25849.3,47051.5,58070.2,76374.0,131011.2,2016,1.0,0.0,0.0,0.0,1,False,0,0,0
201,Luxembourg,2013,M,207.49,88.0,3670.0,38.5,7.1,73.9,0.15,0.068,0.295,283.05,85270.0,1230.12,193.8,2486.33,104.68,901.12,286.72,699.57,96.31,155.8,2015.0,25849.3,47051.5,58070.2,76374.0,131011.2,2016,1.0,0.0,0.0,0.0,1,False,0,0,0
202,Luxembourg,2014,F,79.95,60.69,1987.0,39.7,9.0,71.2,0.128,0.040999999999999995,0.19399999999999998,288.14,89240.0,1231.67,202.2,2545.04,109.83,931.03,326.86,696.94,101.03,158.6,2015.0,25849.3,47051.5,58070.2,76374.0,131011.2,2016,1.0,0.0,0.0,0.0,1,False,0,0,0
203,Luxembourg,2014,M,213.36,73.85,3666.0,38.6,7.5,74.6,0.15,0.068,0.295,288.14,89240.0,1231.67,202.2,2545.04,109.83,931.03,326.86,696.94,101.03,158.6,2015.0,25849.3,47051.5,58070.2,76374.0,131011.2,2016,1.0,0.0,0.0,0.0,1,False,0,0,0
204,Luxembourg,2015,F,85.22,70.77,1664.0,39.8,9.5,68.6,0.128,0.040999999999999995,0.19399999999999998,290.73,91440.0,1227.17,203.3,2542.69,108.39,921.96,301.45,692.63,103.18,159.46,2015.0,25849.3,47051.5,58070.2,76374.0,131011.2,2016,1.0,0.0,0.0,0.0,1,False,0,0,0
205,Luxembourg,2015,M,185.29,69.95,3642.0,38.7,7.7,72.5,0.15,0.068,0.295,290.73,91440.0,1227.17,203.3,2542.69,108.39,921.96,301.45,692.63,103.18,159.46,2015.0,25849.3,47051.5,58070.2,76374.0,131011.2,2016,1.0,0.0,0.0,0.0,1,False,0,0,0
206,Luxembourg,2016,F,83.09,66.69,1962.0,39.8,11.1,66.9,0.128,0.040999999999999995,0.19399999999999998,288.45,93930.0,1207.8,,2582.7,112.22,934.25,303.72,696.5,106.45,161.51,2015.0,25849.3,47051.5,58070.2,76374.0,131011.2,2016,1.0,0.0,0.0,0.0,1,False,0,0,0
207,Luxembourg,2016,M,197.33,74.79,3410.0,38.8,8.0,71.6,0.15,0.068,0.295,288.45,93930.0,1207.8,,2582.7,112.22,934.25,303.72,696.5,106.45,161.51,2015.0,25849.3,47051.5,58070.2,76374.0,131011.2,2016,1.0,0.0,0.0,0.0,1,False,0,0,0
208,Luxembourg,2017,F,83.34,63.06,1902.0,39.9,9.8,69.7,0.128,0.040999999999999995,0.19399999999999998,298.49,95170.0,1208.38,,2637.2,109.83,959.69,313.04,705.09,110.57,173.8,2015.0,25849.3,47051.5,58070.2,76374.0,131011.2,2016,1.0,0.0,0.0,0.0,1,False,0,0,0
209,Luxembourg,2017,M,175.85,82.36,3176.0,38.9,8.5,72.5,0.15,0.068,0.295,298.49,95170.0,1208.38,,2637.2,109.83,959.69,313.04,705.09,110.57,173.8,2015.0,25849.3,47051.5,58070.2,76374.0,131011.2,2016,1.0,0.0,0.0,0.0,1,False,0,0,0
210,Netherlands,2011,F,100.74,79.25,2589.0,41.7,6.4,73.5,0.132,0.033,,,38960.0,,,1782.5,151.07,1047.12,76.24,560.72,162.46,170.23,2015.0,15352.2,24204.6,33983.4,44920.1,72190.4,2016,0.0,0.0,0.0,0.0,0,True,0,1,1
211,Netherlands,2011,M,183.49,79.22,3506.0,40.2,5.0,79.6,0.105,0.057,,,38960.0,,,1782.5,151.07,1047.12,76.24,560.72,162.46,170.23,2015.0,15352.2,24204.6,33983.4,44920.1,72190.4,2016,0.0,0.0,0.0,0.0,0,True,0,1,1
212,Netherlands,2012,F,100.72,77.56,2552.0,42.0,6.4,72.1,0.132,0.033,,,38970.0,,202.1,1822.97,151.69,1152.45,76.97,531.88,161.61,167.89,2015.0,15352.2,24204.6,33983.4,44920.1,72190.4,2016,0.0,0.0,0.0,0.0,0,True,0,1,1
213,Netherlands,2012,M,180.13,79.63,3538.0,40.5,5.0,79.5,0.105,0.057,,,38970.0,,202.1,1822.97,151.69,1152.45,76.97,531.88,161.61,167.89,2015.0,15352.2,24204.6,33983.4,44920.1,72190.4,2016,0.0,0.0,0.0,0.0,0,True,0,1,1
214,Netherlands,2013,F,98.04,72.62,2486.0,42.4,6.2,71.5,0.132,0.033,,,39300.0,,,1873.41,156.26,1172.56,77.82,507.07,156.38,171.38,2015.0,15352.2,24204.6,33983.4,44920.1,72190.4,2016,0.0,0.0,0.0,0.0,0,True,0,1,1
215,Netherlands,2013,M,176.05,75.33,3431.0,40.9,4.6,79.6,0.105,0.057,,,39300.0,,,1873.41,156.26,1172.56,77.82,507.07,156.38,171.38,2015.0,15352.2,24204.6,33983.4,44920.1,72190.4,2016,0.0,0.0,0.0,0.0,0,True,0,1,1
216,Netherlands,2014,F,97.52,68.33,2406.0,42.7,5.9,74.2,0.132,0.033,,342.5,39820.0,1054.67,223.1,1896.94,163.75,1176.3,80.43,506.01,159.45,177.21,2015.0,15352.2,24204.6,33983.4,44920.1,72190.4,2016,0.0,0.0,0.0,0.0,0,True,0,1,1
217,Netherlands,2014,M,167.9,68.96,3298.0,41.2,4.8,80.6,0.105,0.057,,342.5,39820.0,1054.67,223.1,1896.94,163.75,1176.3,80.43,506.01,159.45,177.21,2015.0,15352.2,24204.6,33983.4,44920.1,72190.4,2016,0.0,0.0,0.0,0.0,0,True,0,1,1
218,Netherlands,2015,F,100.15,71.28,2357.0,43.0,5.8,72.6,0.132,0.033,,349.14,40730.0,1074.8,248.1,1966.92,175.26,1102.46,80.57,515.81,147.41,175.18,2015.0,15352.2,24204.6,33983.4,44920.1,72190.4,2016,0.0,0.0,0.0,0.0,0,True,0,1,1
219,Netherlands,2015,M,171.23,70.26,3281.0,41.4,4.7,80.1,0.105,0.057,,349.14,40730.0,1074.8,248.1,1966.92,175.26,1102.46,80.57,515.81,147.41,175.18,2015.0,15352.2,24204.6,33983.4,44920.1,72190.4,2016,0.0,0.0,0.0,0.0,0,True,0,1,1
220,Netherlands,2016,F,100.48,70.22,2434.0,43.3,5.6,73.3,0.132,0.033,,353.68,41590.0,1089.65,236.4,2025.21,186.14,1099.33,80.09,512.44,150.38,170.58,2015.0,15352.2,24204.6,33983.4,44920.1,72190.4,2016,0.0,0.0,0.0,0.0,0,True,0,1,1
221,Netherlands,2016,M,168.07,67.77,3227.0,41.5,4.2,78.6,0.105,0.057,,353.68,41590.0,1089.65,236.4,2025.21,186.14,1099.33,80.09,512.44,150.38,170.58,2015.0,15352.2,24204.6,33983.4,44920.1,72190.4,2016,0.0,0.0,0.0,0.0,0,True,0,1,1
222,Netherlands,2017,F,94.73,65.1,2289.0,43.4,5.3,73.3,0.132,0.033,,360.33,43090.0,1117.43,,2063.07,185.45,1140.43,80.5,509.65,145.58,168.93,2015.0,15352.2,24204.6,33983.4,44920.1,72190.4,2016,0.0,0.0,0.0,0.0,0,True,0,1,1
223,Netherlands,2017,M,161.97,64.71,3226.0,41.6,3.9,79.0,0.105,0.057,,360.33,43090.0,1117.43,,2063.07,185.45,1140.43,80.5,509.65,145.58,168.93,2015.0,15352.2,24204.6,33983.4,44920.1,72190.4,2016,0.0,0.0,0.0,0.0,0,True,0,1,1
224,Norway,2011,F,95.43,66.83,2358.0,39.5,9.9,71.1,0.115,0.016,0.39399999999999996,418.81,72350.0,1693.69,,3053.18,116.32,1789.26,459.08,737.69,170.1,32.69,,,,,,,2016,1.0,1.0,1.0,0.0,1,False,1,1,1
225,Norway,2011,M,193.08,85.89,4010.0,38.0,7.2,75.4,0.133,0.031,0.573,418.81,72350.0,1693.69,,3053.18,116.32,1789.26,459.08,737.69,170.1,32.69,,,,,,,2016,1.0,1.0,1.0,0.0,1,False,1,1,1
226,Norway,2012,F,95.92,66.05,2209.0,39.6,6.7,77.8,0.115,0.016,0.39399999999999996,423.19,79000.0,1706.88,266.6,3273.28,130.94,1978.66,537.71,780.21,193.9,40.81,,,,,,,2016,1.0,1.0,1.0,0.0,1,False,1,1,1
227,Norway,2012,M,178.58,83.74,3703.0,38.1,5.9,79.8,0.133,0.031,0.573,423.19,79000.0,1706.88,266.6,3273.28,130.94,1978.66,537.71,780.21,193.9,40.81,,,,,,,2016,1.0,1.0,1.0,0.0,1,False,1,1,1
228,Norway,2013,F,98.26,63.6,2174.0,39.7,9.2,74.8,0.115,0.016,0.39399999999999996,430.62,77440.0,1721.11,266.7,3275.01,125.76,1988.62,529.54,755.06,198.18,43.6,,,,,,,2016,1.0,1.0,1.0,0.0,1,False,1,1,1
229,Norway,2013,M,177.83,76.89,3369.0,38.2,6.6,77.3,0.133,0.031,0.573,430.62,77440.0,1721.11,266.7,3275.01,125.76,1988.62,529.54,755.06,198.18,43.6,,,,,,,2016,1.0,1.0,1.0,0.0,1,False,1,1,1
230,Norway,2014,F,89.85,62.24,2001.0,39.8,8.0,77.0,0.115,0.016,0.39399999999999996,442.92,73180.0,1744.27,262.7,3258.08,125.19,1962.63,523.22,738.49,194.11,36.98,,,,,,,2016,1.0,1.0,1.0,0.0,1,False,1,1,1
231,Norway,2014,M,167.84,71.8,3283.0,38.3,5.9,79.9,0.133,0.031,0.573,442.92,73180.0,1744.27,262.7,3258.08,125.19,1962.63,523.22,738.49,194.11,36.98,,,,,,,2016,1.0,1.0,1.0,0.0,1,False,1,1,1
232,Norway,2015,F,90.42,56.47,1923.0,39.9,7.8,76.5,0.115,0.016,0.39399999999999996,440.35,66980.0,1790.08,260.8,3273.86,128.5,1887.16,516.52,739.64,202.97,39.34,,,,,,,2016,1.0,1.0,1.0,0.0,1,False,1,1,1
233,Norway,2015,M,166.07,72.42,3062.0,38.4,4.9,80.3,0.133,0.031,0.573,440.35,66980.0,1790.08,260.8,3273.86,128.5,1887.16,516.52,739.64,202.97,39.34,,,,,,,2016,1.0,1.0,1.0,0.0,1,False,1,1,1
234,Norway,2016,F,91.85,58.53,1987.0,40.0,9.3,75.2,0.115,0.016,0.39399999999999996,451.22,63690.0,1804.86,257.5,3230.17,135.36,1902.4,508.45,728.17,196.44,46.33,,,,,,,2016,1.0,1.0,1.0,0.0,1,False,1,1,1
235,Norway,2016,M,165.97,67.57,3063.0,38.5,6.1,79.1,0.133,0.031,0.573,451.22,63690.0,1804.86,257.5,3230.17,135.36,1902.4,508.45,728.17,196.44,46.33,,,,,,,2016,1.0,1.0,1.0,0.0,1,False,1,1,1
236,Norway,2017,F,88.0,57.44,1905.0,40.1,8.5,76.0,0.115,0.016,0.39399999999999996,465.85,66950.0,1822.24,243.7,3258.75,131.43,1969.31,519.22,756.75,169.16,102.32,,,,,,,2016,1.0,1.0,1.0,0.0,1,False,1,1,1
237,Norway,2017,M,149.96,65.75,2922.0,38.6,6.0,78.7,0.133,0.031,0.573,465.85,66950.0,1822.24,243.7,3258.75,131.43,1969.31,519.22,756.75,169.16,102.32,,,,,,,2016,1.0,1.0,1.0,0.0,1,False,1,1,1
238,Poland,2011,F,119.63,114.28,3433.0,40.2,16.1,54.9,0.126,0.057999999999999996,0.083,221.27,9860.0,587.35,,,,,,,,,2015.0,4614.5,8014.8,10857.3,14465.7,22984.3,2016,1.0,1.0,1.0,0.0,1,False,0,1,1
239,Poland,2011,M,396.56,192.44,8903.0,36.4,13.3,61.1,0.17,0.166,0.258,221.27,9860.0,587.35,,,,,,,,,2015.0,4614.5,8014.8,10857.3,14465.7,22984.3,2016,1.0,1.0,1.0,0.0,1,False,0,1,1
240,Poland,2012,F,119.22,113.05,3399.0,40.5,15.8,54.5,0.126,0.057999999999999996,0.083,223.38,10070.0,,258.6,,,,,,,,2015.0,4614.5,8014.8,10857.3,14465.7,22984.3,2016,1.0,1.0,1.0,0.0,1,False,0,1,1
241,Poland,2012,M,388.55,187.43,8766.0,36.8,13.2,61.6,0.17,0.166,0.258,223.38,10070.0,,258.6,,,,,,,,2015.0,4614.5,8014.8,10857.3,14465.7,22984.3,2016,1.0,1.0,1.0,0.0,1,False,0,1,1
242,Poland,2013,F,117.95,110.4,3311.0,40.7,15.2,54.9,0.126,0.057999999999999996,0.083,224.09,10190.0,587.33,253.3,371.41,23.92,39.08,31.19,158.5,17.07,17.27,2015.0,4614.5,8014.8,10857.3,14465.7,22984.3,2016,1.0,1.0,1.0,0.0,1,False,0,1,1
243,Poland,2013,M,373.46,181.39,8422.0,37.1,13.1,62.4,0.17,0.166,0.258,224.09,10190.0,587.33,253.3,371.41,23.92,39.08,31.19,158.5,17.07,17.27,2015.0,4614.5,8014.8,10857.3,14465.7,22984.3,2016,1.0,1.0,1.0,0.0,1,False,0,1,1
244,Poland,2014,F,114.65,101.85,3215.0,41.0,14.8,55.3,0.126,0.057999999999999996,0.083,230.68,10630.0,582.9,241.9,382.55,24.65,38.56,31.94,161.25,18.28,15.45,2015.0,4614.5,8014.8,10857.3,14465.7,22984.3,2016,1.0,1.0,1.0,0.0,1,False,0,1,1
245,Poland,2014,M,352.93,166.73,7940.0,37.5,12.3,61.6,0.17,0.166,0.258,230.68,10630.0,582.9,241.9,382.55,24.65,38.56,31.94,161.25,18.28,15.45,2015.0,4614.5,8014.8,10857.3,14465.7,22984.3,2016,1.0,1.0,1.0,0.0,1,False,0,1,1
246,Poland,2015,F,112.54,101.23,3137.0,41.4,15.2,54.9,0.126,0.057999999999999996,0.083,232.81,11190.0,578.75,242.6,414.78,25.64,41.99,33.6,168.1,19.26,11.82,2015.0,4614.5,8014.8,10857.3,14465.7,22984.3,2016,1.0,1.0,1.0,0.0,1,False,0,1,1
247,Poland,2015,M,348.67,167.77,7997.0,37.9,13.0,61.5,0.17,0.166,0.258,232.81,11190.0,578.75,242.6,414.78,25.64,41.99,33.6,168.1,19.26,11.82,2015.0,4614.5,8014.8,10857.3,14465.7,22984.3,2016,1.0,1.0,1.0,0.0,1,False,0,1,1
248,Poland,2016,F,110.87,101.01,3063.0,41.7,14.8,55.6,0.126,0.057999999999999996,0.083,241.58,11110.0,576.04,235.9,419.1,25.16,42.46,35.13,169.44,22.74,14.58,2015.0,4614.5,8014.8,10857.3,14465.7,22984.3,2016,1.0,1.0,1.0,0.0,1,False,0,1,1
249,Poland,2016,M,343.9,164.61,7834.0,38.2,12.2,62.0,0.17,0.166,0.258,241.58,11110.0,576.04,235.9,419.1,25.16,42.46,35.13,169.44,22.74,14.58,2015.0,4614.5,8014.8,10857.3,14465.7,22984.3,2016,1.0,1.0,1.0,0.0,1,False,0,1,1
250,Poland,2017,F,114.72,101.73,3078.0,42.0,14.5,56.1,0.126,0.057999999999999996,0.083,237.75,12170.0,569.96,,469.84,38.87,48.74,29.96,183.03,19.22,14.39,2015.0,4614.5,8014.8,10857.3,14465.7,22984.3,2016,1.0,1.0,1.0,0.0,1,False,0,1,1
251,Poland,2017,M,340.65,168.44,7741.0,38.6,12.4,62.3,0.17,0.166,0.258,237.75,12170.0,569.96,,469.84,38.87,48.74,29.96,183.03,19.22,14.39,2015.0,4614.5,8014.8,10857.3,14465.7,22984.3,2016,1.0,1.0,1.0,0.0,1,False,0,1,1
252,Portugal,2011,F,70.03,80.66,2382.0,43.3,21.0,44.6,0.16,0.032,0.035,,16680.0,,,946.38,65.4,31.03,124.96,354.93,34.07,31.89,2015.0,6205.9,10707.3,15078.2,20649.1,37713.8,2016,1.0,1.0,1.0,1.0,0,False,1,1,1
253,Portugal,2011,M,240.39,111.68,5533.0,40.1,14.7,55.3,0.142,0.11599999999999999,0.158,,16680.0,,,946.38,65.4,31.03,124.96,354.93,34.07,31.89,2015.0,6205.9,10707.3,15078.2,20649.1,37713.8,2016,1.0,1.0,1.0,1.0,0,False,1,1,1
254,Portugal,2012,F,65.44,78.83,2374.0,43.7,21.5,42.9,0.16,0.032,0.035,,16010.0,,,913.04,60.5,33.22,119.44,309.46,30.06,29.88,2015.0,6205.9,10707.3,15078.2,20649.1,37713.8,2016,1.0,1.0,1.0,1.0,0,False,1,1,1
255,Portugal,2012,M,232.96,110.35,5292.0,40.6,14.5,54.1,0.142,0.11599999999999999,0.158,,16010.0,,,913.04,60.5,33.22,119.44,309.46,30.06,29.88,2015.0,6205.9,10707.3,15078.2,20649.1,37713.8,2016,1.0,1.0,1.0,1.0,0,False,1,1,1
256,Portugal,2013,F,64.6,75.15,2225.0,44.1,22.2,41.5,0.16,0.032,0.035,,16300.0,,88.5,916.99,61.07,34.85,117.96,291.34,26.28,29.84,2015.0,6205.9,10707.3,15078.2,20649.1,37713.8,2016,1.0,1.0,1.0,1.0,0,False,1,1,1
257,Portugal,2013,M,229.47,107.99,5166.0,41.1,14.4,51.5,0.142,0.11599999999999999,0.158,,16300.0,,88.5,916.99,61.07,34.85,117.96,291.34,26.28,29.84,2015.0,6205.9,10707.3,15078.2,20649.1,37713.8,2016,1.0,1.0,1.0,1.0,0,False,1,1,1
258,Portugal,2014,F,66.01,72.73,2151.0,44.6,21.6,42.0,0.16,0.032,0.035,,16640.0,,,930.65,62.23,38.16,120.46,292.01,26.87,29.39,2015.0,6205.9,10707.3,15078.2,20649.1,37713.8,2016,1.0,1.0,1.0,1.0,0,False,1,1,1
259,Portugal,2014,M,233.88,108.67,4991.0,41.5,14.5,50.6,0.142,0.11599999999999999,0.158,,16640.0,,,930.65,62.23,38.16,120.46,292.01,26.87,29.39,2015.0,6205.9,10707.3,15078.2,20649.1,37713.8,2016,1.0,1.0,1.0,1.0,0,False,1,1,1
260,Portugal,2015,F,67.78,71.58,2177.0,45.1,20.9,42.0,0.16,0.032,0.035,,17350.0,,74.4,958.97,65.06,40.46,129.11,304.96,27.52,29.64,2015.0,6205.9,10707.3,15078.2,20649.1,37713.8,2016,1.0,1.0,1.0,1.0,0,False,1,1,1
261,Portugal,2015,M,227.5,105.11,4737.0,41.9,14.5,51.5,0.142,0.11599999999999999,0.158,,17350.0,,74.4,958.97,65.06,40.46,129.11,304.96,27.52,29.64,2015.0,6205.9,10707.3,15078.2,20649.1,37713.8,2016,1.0,1.0,1.0,1.0,0,False,1,1,1
262,Portugal,2016,F,63.86,74.66,2150.0,45.5,18.8,43.3,0.16,0.032,0.035,,18060.0,,,1017.82,76.14,82.55,129.84,332.19,29.02,31.86,2015.0,6205.9,10707.3,15078.2,20649.1,37713.8,2016,1.0,1.0,1.0,1.0,0,False,1,1,1
263,Portugal,2016,M,229.22,105.66,4763.0,42.4,12.7,52.6,0.142,0.11599999999999999,0.158,,18060.0,,,1017.82,76.14,82.55,129.84,332.19,29.02,31.86,2015.0,6205.9,10707.3,15078.2,20649.1,37713.8,2016,1.0,1.0,1.0,1.0,0,False,1,1,1
264,Portugal,2017,F,63.72,71.14,2166.0,45.9,18.0,44.4,0.16,0.032,0.035,,19020.0,,89.8,1068.14,78.77,86.25,133.86,342.46,30.17,33.4,2015.0,6205.9,10707.3,15078.2,20649.1,37713.8,2016,1.0,1.0,1.0,1.0,0,False,1,1,1
265,Portugal,2017,M,224.43,99.28,4696.0,42.8,12.2,54.0,0.142,0.11599999999999999,0.158,,19020.0,,89.8,1068.14,78.77,86.25,133.86,342.46,30.17,33.4,2015.0,6205.9,10707.3,15078.2,20649.1,37713.8,2016,1.0,1.0,1.0,1.0,0,False,1,1,1
266,Slovenia,2011,F,101.73,81.06,2399.0,43.5,14.7,57.6,0.153,0.040999999999999995,0.107,249.46,18050.0,838.54,,,,,,,,,2015.0,7877.5,14305.4,20553.2,26351.4,39314.2,2016,1.0,1.0,1.0,1.0,1,False,0,1,1
267,Slovenia,2011,M,324.39,122.75,5140.0,40.0,11.8,63.5,0.193,0.115,0.255,249.46,18050.0,838.54,,,,,,,,,2015.0,7877.5,14305.4,20553.2,26351.4,39314.2,2016,1.0,1.0,1.0,1.0,1,False,0,1,1
268,Slovenia,2012,F,102.52,78.11,2262.0,43.8,13.9,59.8,0.153,0.040999999999999995,0.107,254.14,17630.0,822.01,145.7,,,,,,,,2015.0,7877.5,14305.4,20553.2,26351.4,39314.2,2016,1.0,1.0,1.0,1.0,1,False,0,1,1
269,Slovenia,2012,M,311.21,112.49,4823.0,40.3,10.9,66.6,0.193,0.115,0.255,254.14,17630.0,822.01,145.7,,,,,,,,2015.0,7877.5,14305.4,20553.2,26351.4,39314.2,2016,1.0,1.0,1.0,1.0,1,False,0,1,1
270,Slovenia,2013,F,97.81,74.53,2289.0,44.0,11.5,61.8,0.153,0.040999999999999995,0.107,262.92,17700.0,837.74,145.9,,,,,,,,2015.0,7877.5,14305.4,20553.2,26351.4,39314.2,2016,1.0,1.0,1.0,1.0,1,False,0,1,1
271,Slovenia,2013,M,307.89,117.81,4898.0,40.6,9.8,67.9,0.193,0.115,0.255,262.92,17700.0,837.74,145.9,,,,,,,,2015.0,7877.5,14305.4,20553.2,26351.4,39314.2,2016,1.0,1.0,1.0,1.0,1,False,0,1,1
272,Slovenia,2014,F,92.31,73.17,2048.0,44.3,12.3,61.6,0.153,0.040999999999999995,0.107,277.02,18250.0,862.76,141.7,845.16,31.06,159.06,54.05,351.06,47.25,64.1,2015.0,7877.5,14305.4,20553.2,26351.4,39314.2,2016,1.0,1.0,1.0,1.0,1,False,0,1,1
273,Slovenia,2014,M,290.42,107.5,4298.0,41.0,9.7,68.1,0.193,0.115,0.255,277.02,18250.0,862.76,141.7,845.16,31.06,159.06,54.05,351.06,47.25,64.1,2015.0,7877.5,14305.4,20553.2,26351.4,39314.2,2016,1.0,1.0,1.0,1.0,1,False,0,1,1
274,Slovenia,2015,F,95.53,76.21,2106.0,44.5,13.2,61.7,0.153,0.040999999999999995,0.107,282.53,18830.0,885.71,146.1,888.92,36.7,158.6,58.84,358.34,46.06,56.2,2015.0,7877.5,14305.4,20553.2,26351.4,39314.2,2016,1.0,1.0,1.0,1.0,1,False,0,1,1
275,Slovenia,2015,M,295.11,110.4,4617.0,41.3,10.0,68.0,0.193,0.115,0.255,282.53,18830.0,885.71,146.1,888.92,36.7,158.6,58.84,358.34,46.06,56.2,2015.0,7877.5,14305.4,20553.2,26351.4,39314.2,2016,1.0,1.0,1.0,1.0,1,False,0,1,1
276,Slovenia,2016,F,86.03,65.88,1992.0,44.8,11.1,61.0,0.153,0.040999999999999995,0.107,301.4,19590.0,974.02,131.5,929.47,39.41,162.28,59.43,372.39,49.79,47.62,2015.0,7877.5,14305.4,20553.2,26351.4,39314.2,2016,1.0,1.0,1.0,1.0,1,False,0,1,1
277,Slovenia,2016,M,287.53,94.8,4276.0,41.7,8.7,68.2,0.193,0.115,0.255,301.4,19590.0,974.02,131.5,929.47,39.41,162.28,59.43,372.39,49.79,47.62,2015.0,7877.5,14305.4,20553.2,26351.4,39314.2,2016,1.0,1.0,1.0,1.0,1,False,0,1,1
278,Slovenia,2017,F,96.58,66.36,2129.0,45.1,10.6,62.1,0.153,0.040999999999999995,0.107,310.11,20820.0,1002.28,128.0,948.37,42.21,166.15,57.48,383.53,51.38,54.53,2015.0,7877.5,14305.4,20553.2,26351.4,39314.2,2016,1.0,1.0,1.0,1.0,1,False,0,1,1
279,Slovenia,2017,M,282.91,91.43,4063.0,42.0,8.8,68.6,0.193,0.115,0.255,310.11,20820.0,1002.28,128.0,948.37,42.21,166.15,57.48,383.53,51.38,54.53,2015.0,7877.5,14305.4,20553.2,26351.4,39314.2,2016,1.0,1.0,1.0,1.0,1,False,0,1,1
280,Spain,2011,F,53.75,62.96,2009.0,41.5,8.5,72.4,0.132,0.054000000000000006,0.047,383.52,22760.0,,,1194.83,,194.57,108.18,473.75,47.37,67.88,2015.0,8959.4,16158.6,23198.7,31863.7,54359.7,2016,1.0,1.0,0.0,1.0,0,False,1,1,1
281,Spain,2011,M,208.86,86.96,4009.0,39.2,6.2,78.7,0.155,0.107,0.113,383.52,22760.0,,,1194.83,,194.57,108.18,473.75,47.37,67.88,2015.0,8959.4,16158.6,23198.7,31863.7,54359.7,2016,1.0,1.0,0.0,1.0,0,False,1,1,1
282,Spain,2012,F,52.94,60.14,1942.0,41.9,9.1,71.7,0.132,0.054000000000000006,0.047,382.34,22050.0,,240.1,1166.94,,192.49,103.29,450.57,44.26,61.1,2015.0,8959.4,16158.6,23198.7,31863.7,54359.7,2016,1.0,1.0,0.0,1.0,0,False,1,1,1
283,Spain,2012,M,204.53,86.36,3902.0,39.7,6.9,77.3,0.155,0.107,0.113,382.34,22050.0,,240.1,1166.94,,192.49,103.29,450.57,44.26,61.1,2015.0,8959.4,16158.6,23198.7,31863.7,54359.7,2016,1.0,1.0,0.0,1.0,0,False,1,1,1
284,Spain,2013,F,53.85,59.91,1890.0,42.4,9.7,68.3,0.132,0.054000000000000006,0.047,381.09,21900.0,,224.9,1131.17,,188.13,98.5,462.61,42.73,61.39,2015.0,8959.4,16158.6,23198.7,31863.7,54359.7,2016,1.0,1.0,0.0,1.0,0,False,1,1,1
285,Spain,2013,M,198.39,82.3,3678.0,40.2,7.0,75.3,0.155,0.107,0.113,381.09,21900.0,,224.9,1131.17,,188.13,98.5,462.61,42.73,61.39,2015.0,8959.4,16158.6,23198.7,31863.7,54359.7,2016,1.0,1.0,0.0,1.0,0,False,1,1,1
286,Spain,2014,F,53.12,56.95,1863.0,43.0,9.7,69.5,0.132,0.054000000000000006,0.047,380.08,22220.0,,224.4,1155.64,,188.61,101.85,470.55,42.43,59.48,2015.0,8959.4,16158.6,23198.7,31863.7,54359.7,2016,1.0,1.0,0.0,1.0,0,False,1,1,1
287,Spain,2014,M,192.44,81.19,3617.0,40.8,6.7,76.4,0.155,0.107,0.113,380.08,22220.0,,224.4,1155.64,,188.61,101.85,470.55,42.43,59.48,2015.0,8959.4,16158.6,23198.7,31863.7,54359.7,2016,1.0,1.0,0.0,1.0,0,False,1,1,1
288,Spain,2015,F,53.63,57.08,1829.0,43.4,8.7,69.8,0.132,0.054000000000000006,0.047,384.54,23220.0,,233.9,1219.21,,198.12,107.53,485.3,43.62,63.78,2015.0,8959.4,16158.6,23198.7,31863.7,54359.7,2016,1.0,1.0,0.0,1.0,0,False,1,1,1
289,Spain,2015,M,190.48,80.8,3583.0,41.3,6.1,75.5,0.155,0.107,0.113,384.54,23220.0,,233.9,1219.21,,198.12,107.53,485.3,43.62,63.78,2015.0,8959.4,16158.6,23198.7,31863.7,54359.7,2016,1.0,1.0,0.0,1.0,0,False,1,1,1
290,Spain,2016,F,53.27,55.73,1791.0,43.9,8.2,69.8,0.132,0.054000000000000006,0.047,382.35,23980.0,,200.4,1226.56,,201.98,109.82,495.94,45.95,64.9,2015.0,8959.4,16158.6,23198.7,31863.7,54359.7,2016,1.0,1.0,0.0,1.0,0,False,1,1,1
291,Spain,2016,M,187.54,79.15,3501.0,41.7,5.6,75.3,0.155,0.107,0.113,382.35,23980.0,,200.4,1226.56,,201.98,109.82,495.94,45.95,64.9,2015.0,8959.4,16158.6,23198.7,31863.7,54359.7,2016,1.0,1.0,0.0,1.0,0,False,1,1,1
292,Spain,2017,F,53.82,54.63,1817.0,44.3,7.4,71.8,0.132,0.054000000000000006,0.047,387.68,24970.0,,209.7,1280.8,,212.79,112.05,509.21,46.88,68.2,2015.0,8959.4,16158.6,23198.7,31863.7,54359.7,2016,1.0,1.0,0.0,1.0,0,False,1,1,1
293,Spain,2017,M,182.89,77.59,3442.0,42.2,5.8,76.8,0.155,0.107,0.113,387.68,24970.0,,209.7,1280.8,,212.79,112.05,509.21,46.88,68.2,2015.0,8959.4,16158.6,23198.7,31863.7,54359.7,2016,1.0,1.0,0.0,1.0,0,False,1,1,1
294,Sweden,2011,F,87.16,67.82,2112.0,41.8,6.1,76.6,0.131,0.012,0.11800000000000001,388.85,43690.0,1161.47,,,,1199.25,167.92,594.95,132.34,56.38,2015.0,14078.1,24141.6,37051.4,48388.8,71973.8,2016,0.0,1.0,1.0,1.0,1,False,0,1,1
295,Sweden,2011,M,168.63,87.48,3369.0,39.7,4.6,80.2,0.13,0.013999999999999999,0.25,388.85,43690.0,1161.47,,,,1199.25,167.92,594.95,132.34,56.38,2015.0,14078.1,24141.6,37051.4,48388.8,71973.8,2016,0.0,1.0,1.0,1.0,1,False,0,1,1
296,Sweden,2012,F,87.65,67.44,2114.0,41.9,5.2,77.7,0.131,0.012,0.11800000000000001,396.76,45170.0,1166.22,208.6,,,1290.52,173.36,624.31,142.33,68.44,2015.0,14078.1,24141.6,37051.4,48388.8,71973.8,2016,0.0,1.0,1.0,1.0,1,False,0,1,1
297,Sweden,2012,M,164.2,84.27,3319.0,39.8,4.4,81.7,0.13,0.013999999999999999,0.25,396.76,45170.0,1166.22,208.6,,,1290.52,173.36,624.31,142.33,68.44,2015.0,14078.1,24141.6,37051.4,48388.8,71973.8,2016,0.0,1.0,1.0,1.0,1,False,0,1,1
298,Sweden,2013,F,88.93,66.79,2121.0,41.9,5.5,77.2,0.131,0.012,0.11800000000000001,404.33,46020.0,1168.65,203.8,,,1336.28,197.81,635.49,156.63,70.94,2015.0,14078.1,24141.6,37051.4,48388.8,71973.8,2016,0.0,1.0,1.0,1.0,1,False,0,1,1
299,Sweden,2013,M,164.52,82.92,3355.0,39.9,3.7,82.3,0.13,0.013999999999999999,0.25,404.33,46020.0,1168.65,203.8,,,1336.28,197.81,635.49,156.63,70.94,2015.0,14078.1,24141.6,37051.4,48388.8,71973.8,2016,0.0,1.0,1.0,1.0,1,False,0,1,1
300,Sweden,2014,F,88.24,63.73,2048.0,41.9,5.5,75.9,0.131,0.012,0.11800000000000001,410.88,45260.0,1167.76,190.4,,,1314.03,192.64,623.25,148.86,76.32,2015.0,14078.1,24141.6,37051.4,48388.8,71973.8,2016,0.0,1.0,1.0,1.0,1,False,0,1,1
301,Sweden,2014,M,159.74,77.56,3261.0,40.0,3.8,81.1,0.13,0.013999999999999999,0.25,410.88,45260.0,1167.76,190.4,,,1314.03,192.64,623.25,148.86,76.32,2015.0,14078.1,24141.6,37051.4,48388.8,71973.8,2016,0.0,1.0,1.0,1.0,1,False,0,1,1
302,Sweden,2015,F,84.66,63.2,1992.0,42.0,5.9,74.5,0.131,0.012,0.11800000000000001,417.37,46480.0,1168.86,183.5,,,1331.05,186.98,639.18,153.77,84.53,2015.0,14078.1,24141.6,37051.4,48388.8,71973.8,2016,0.0,1.0,1.0,1.0,1,False,0,1,1
303,Sweden,2015,M,160.16,78.69,3286.0,40.0,3.3,80.7,0.13,0.013999999999999999,0.25,417.37,46480.0,1168.86,183.5,,,1331.05,186.98,639.18,153.77,84.53,2015.0,14078.1,24141.6,37051.4,48388.8,71973.8,2016,0.0,1.0,1.0,1.0,1,False,0,1,1
304,Sweden,2016,F,86.12,61.04,2002.0,41.9,7.1,72.4,0.131,0.012,0.11800000000000001,423.18,46990.0,1165.9,170.6,,,1358.37,191.56,656.77,153.61,78.06,2015.0,14078.1,24141.6,37051.4,48388.8,71973.8,2016,0.0,1.0,1.0,1.0,1,False,0,1,1
305,Sweden,2016,M,156.36,74.39,3187.0,39.9,4.4,77.7,0.13,0.013999999999999999,0.25,423.18,46990.0,1165.9,170.6,,,1358.37,191.56,656.77,153.61,78.06,2015.0,14078.1,24141.6,37051.4,48388.8,71973.8,2016,0.0,1.0,1.0,1.0,1,False,0,1,1
306,Sweden,2017,F,84.78,61.46,1970.0,41.9,6.7,74.8,0.131,0.012,0.11800000000000001,426.52,47730.0,1163.69,168.9,,,1378.97,206.23,637.78,166.46,84.89,2015.0,14078.1,24141.6,37051.4,48388.8,71973.8,2016,0.0,1.0,1.0,1.0,1,False,0,1,1
307,Sweden,2017,M,151.21,71.86,3163.0,39.7,4.7,78.4,0.13,0.013999999999999999,0.25,426.52,47730.0,1163.69,168.9,,,1378.97,206.23,637.78,166.46,84.89,2015.0,14078.1,24141.6,37051.4,48388.8,71973.8,2016,0.0,1.0,1.0,1.0,1,False,0,1,1
308,Switzerland,2011,F,73.75,57.5,2072.0,42.5,3.9,78.7,,,,383.28,65750.0,1545.87,,3237.29,301.59,1359.5,229.24,978.39,173.87,307.21,,,,,,,2016,0.0,0.0,0.0,0.0,0,True,1,1,1
309,Switzerland,2011,M,176.21,68.04,3425.0,40.6,3.2,84.0,,,,383.28,65750.0,1545.87,,3237.29,301.59,1359.5,229.24,978.39,173.87,307.21,,,,,,,2016,0.0,0.0,0.0,0.0,0,True,1,1,1
310,Switzerland,2012,F,74.02,56.32,2027.0,42.7,3.5,80.0,,,,391.57,67330.0,1588.01,114.0,3435.17,309.81,1435.39,240.82,1002.34,176.34,300.76,,,,,,,2016,0.0,0.0,0.0,0.0,0,True,1,1,1
311,Switzerland,2012,M,173.75,63.45,3325.0,40.8,2.8,84.1,,,,391.57,67330.0,1588.01,114.0,3435.17,309.81,1435.39,240.82,1002.34,176.34,300.76,,,,,,,2016,0.0,0.0,0.0,0.0,0,True,1,1,1
312,Switzerland,2013,F,73.85,53.98,1961.0,42.9,4.1,78.4,,,,404.0,66340.0,1621.8,,3471.84,309.98,1431.66,268.22,994.22,178.8,285.68,,,,,,,2016,0.0,0.0,0.0,0.0,0,True,1,1,1
313,Switzerland,2013,M,171.67,61.6,3340.0,41.0,3.3,83.1,,,,404.0,66340.0,1621.8,,3471.84,309.98,1431.66,268.22,994.22,178.8,285.68,,,,,,,2016,0.0,0.0,0.0,0.0,0,True,1,1,1
314,Switzerland,2014,F,72.7,52.3,1884.0,43.1,5.0,76.1,,,,412.58,67650.0,1645.58,,3601.54,324.61,1470.92,291.76,1018.09,186.25,288.57,,,,,,,2016,0.0,0.0,0.0,0.0,0,True,1,1,1
315,Switzerland,2014,M,160.99,60.65,3173.0,41.1,3.7,80.8,,,,412.58,67650.0,1645.58,,3601.54,324.61,1470.92,291.76,1018.09,186.25,288.57,,,,,,,2016,0.0,0.0,0.0,0.0,0,True,1,1,1
316,Switzerland,2015,F,69.37,52.13,1897.0,43.2,4.5,77.3,,,,419.71,76400.0,1689.11,138.1,4210.42,400.83,1710.82,345.72,1198.09,212.28,331.85,,,,,,,2016,0.0,0.0,0.0,0.0,0,True,1,1,1
317,Switzerland,2015,M,165.95,59.86,3235.0,41.2,3.8,82.1,,,,419.71,76400.0,1689.11,138.1,4210.42,400.83,1710.82,345.72,1198.09,212.28,331.85,,,,,,,2016,0.0,0.0,0.0,0.0,0,True,1,1,1
318,Switzerland,2016,F,68.91,51.35,1909.0,43.3,5.0,75.7,,,,425.06,75090.0,1734.14,,4247.68,410.18,1692.57,360.6,1226.43,207.48,339.94,,,,,,,2016,0.0,0.0,0.0,0.0,0,True,1,1,1
319,Switzerland,2016,M,155.29,54.23,2897.0,41.3,4.0,79.6,,,,425.06,75090.0,1734.14,,4247.68,410.18,1692.57,360.6,1226.43,207.48,339.94,,,,,,,2016,0.0,0.0,0.0,0.0,0,True,1,1,1
320,Switzerland,2017,F,68.19,49.32,1738.0,43.4,4.4,78.6,,,,429.78,73830.0,1754.39,,4223.87,412.5,1696.99,368.67,1232.15,206.17,336.01,,,,,,,2016,0.0,0.0,0.0,0.0,0,True,1,1,1
321,Switzerland,2017,M,151.4,54.56,3020.0,41.3,3.9,81.8,,,,429.78,73830.0,1754.39,,4223.87,412.5,1696.99,368.67,1232.15,206.17,336.01,,,,,,,2016,0.0,0.0,0.0,0.0,0,True,1,1,1
322,United Kingdom,2011,F,107.87,85.92,2705.0,40.5,5.9,76.5,0.204,0.032,0.122,268.61,30230.0,867.97,,,,,,,,,2015.0,13088.3,24832.3,32990.2,45703.4,78935.2,2016,1.0,1.0,1.0,0.0,1,False,1,1,1
323,United Kingdom,2011,M,213.43,103.49,4268.0,38.5,5.4,78.6,0.19899999999999998,0.051,0.17800000000000002,268.61,30230.0,867.97,,,,,,,,,2015.0,13088.3,24832.3,32990.2,45703.4,78935.2,2016,1.0,1.0,1.0,0.0,1,False,1,1,1
324,United Kingdom,2012,F,107.15,85.12,2672.0,40.7,8.7,73.2,0.204,0.032,0.122,269.62,33140.0,842.28,312.4,,,,,,,,2015.0,13088.3,24832.3,32990.2,45703.4,78935.2,2016,1.0,1.0,1.0,0.0,1,False,1,1,1
325,United Kingdom,2012,M,208.24,100.37,4161.0,38.6,7.6,76.4,0.19899999999999998,0.051,0.17800000000000002,269.62,33140.0,842.28,312.4,,,,,,,,2015.0,13088.3,24832.3,32990.2,45703.4,78935.2,2016,1.0,1.0,1.0,0.0,1,False,1,1,1
326,United Kingdom,2013,F,105.41,82.29,2618.0,40.8,8.2,73.8,0.204,0.032,0.122,271.29,32700.0,842.38,301.1,,,575.49,58.22,498.86,165.98,76.24,2015.0,13088.3,24832.3,32990.2,45703.4,78935.2,2016,1.0,1.0,1.0,0.0,1,False,1,1,1
327,United Kingdom,2013,M,206.69,98.42,4136.0,38.7,8.6,73.5,0.19899999999999998,0.051,0.17800000000000002,271.29,32700.0,842.38,301.1,,,575.49,58.22,498.86,165.98,76.24,2015.0,13088.3,24832.3,32990.2,45703.4,78935.2,2016,1.0,1.0,1.0,0.0,1,False,1,1,1
328,United Kingdom,2014,F,105.41,81.24,2609.0,41.0,8.9,69.6,0.204,0.032,0.122,274.53,35780.0,842.2,305.7,,,621.23,64.18,537.07,186.58,79.99,2015.0,13088.3,24832.3,32990.2,45703.4,78935.2,2016,1.0,1.0,1.0,0.0,1,False,1,1,1
329,United Kingdom,2014,M,201.67,96.08,4036.0,38.8,9.3,70.3,0.19899999999999998,0.051,0.17800000000000002,274.53,35780.0,842.2,305.7,,,621.23,64.18,537.07,186.58,79.99,2015.0,13088.3,24832.3,32990.2,45703.4,78935.2,2016,1.0,1.0,1.0,0.0,1,False,1,1,1
330,United Kingdom,2015,F,106.21,81.74,2620.0,41.1,8.8,69.8,0.204,0.032,0.122,277.11,40620.0,838.84,302.8,,,711.82,71.77,603.84,213.9,84.21,2015.0,13088.3,24832.3,32990.2,45703.4,78935.2,2016,1.0,1.0,1.0,0.0,1,False,1,1,1
331,United Kingdom,2015,M,203.1,97.94,4156.0,38.8,8.5,69.8,0.19899999999999998,0.051,0.17800000000000002,277.11,40620.0,838.84,302.8,,,711.82,71.77,603.84,213.9,84.21,2015.0,13088.3,24832.3,32990.2,45703.4,78935.2,2016,1.0,1.0,1.0,0.0,1,False,1,1,1
332,United Kingdom,2016,F,107.03,83.25,2726.0,41.2,9.2,68.9,0.204,0.032,0.122,278.2,37080.0,835.66,285.4,,,657.52,65.64,539.49,193.78,57.68,2015.0,13088.3,24832.3,32990.2,45703.4,78935.2,2016,1.0,1.0,1.0,0.0,1,False,1,1,1
333,United Kingdom,2016,M,203.71,97.55,4190.0,38.8,8.5,69.1,0.19899999999999998,0.051,0.17800000000000002,278.2,37080.0,835.66,285.4,,,657.52,65.64,539.49,193.78,57.68,2015.0,13088.3,24832.3,32990.2,45703.4,78935.2,2016,1.0,1.0,1.0,0.0,1,False,1,1,1
334,United Kingdom,2017,F,105.0,80.49,2611.0,41.2,7.6,73.4,0.204,0.032,0.122,281.1,35730.0,830.32,281.0,,,635.05,64.5,523.14,183.07,60.63,2015.0,13088.3,24832.3,32990.2,45703.4,78935.2,2016,1.0,1.0,1.0,0.0,1,False,1,1,1
335,United Kingdom,2017,M,201.59,96.73,4212.0,38.8,6.5,76.3,0.19899999999999998,0.051,0.17800000000000002,281.1,35730.0,830.32,281.0,,,635.05,64.5,523.14,183.07,60.63,2015.0,13088.3,24832.3,32990.2,45703.4,78935.2,2016,1.0,1.0,1.0,0.0,1,False,1,1,1
